"contents href","_image_yazkc_11 src","whitespace-normal","font-medium 2","inline-block","truncate","h-4","truncate 2"
"https://shopee.co.id/adidas-Gym-Training-Lifestyle-Essentials-3-Stripes-Duffel-Bag-Small-Unisex-Black-IP9862-i.270510657.29018100552?extraParams=%7B%22display_model_id%22%3A205568966320%2C%22model_selection_logic%22%3A3%7D","https://down-id.img.susercontent.com/file/id-11134201-7rbk6-mauqhxtvgbde75","adidas Gym & Training & Lifestyle Essentials 3-Stripes Duffel Bag Small Unisex Black IP9862","600.000","4.9","178 terjual","",""
"https://shopee.co.id/adidas-Gym-Training-PrimeLift-Backpack-Unisex-Black-H44323-i.270510657.28368097962?extraParams=%7B%22display_model_id%22%3A108515374399%2C%22model_selection_logic%22%3A3%7D","https://down-id.img.susercontent.com/file/id-11134201-7rbka-mauqp6odqg1g2a","adidas Gym & Training PrimeLift Backpack Unisex Black H44323","500.000","4.9","2RB+ terjual","",""
"https://shopee.co.id/adidas-Lifestyle-Classic-3-Bar-Logo-Backpack-Unisex-Black-IS7048-i.270510657.43451173852?extraParams=%7B%22display_model_id%22%3A159185519647%2C%22model_selection_logic%22%3A3%7D","https://down-id.img.susercontent.com/file/sg-11134201-8259b-mgfuqgxug5546a","adidas Lifestyle Classic 3 Bar Logo Backpack Unisex Black IS7048","450.000","4.9","373 terjual","",""
"https://shopee.co.id/adidas-Lifestyle-Classic-Back-to-School-3-Stripes-Backpack-Unisex-Green-IS7042-i.270510657.44201187589?extraParams=%7B%22display_model_id%22%3A290094928176%2C%22model_selection_logic%22%3A3%7D","https://down-id.img.susercontent.com/file/id-11134201-7rbk1-mauoxnomh0ke91","adidas Lifestyle Classic Back-to-School 3-Stripes Backpack Unisex Green IS7042","500.000","5.0","319 terjual","",""
"https://shopee.co.id/adidas-Lifestyle-APWR-Backpack-Unisex-Blue-IT5360-i.270510657.29768084029?extraParams=%7B%22display_model_id%22%3A207989421626%2C%22model_selection_logic%22%3A3%7D","https://down-id.img.susercontent.com/file/sg-11134201-7rav8-mb58utrasajn32","adidas Lifestyle APWR Backpack Unisex Blue IT5360","480.000","5.0","Pilih 2, diskon 15%","-20%","198 terjual"
"https://shopee.co.id/adidas-Gym-Training-AEROREADY-B-ball-Cap-Unisex-Black-JN6096-i.270510657.42851207315?extraParams=%7B%22display_model_id%22%3A300096320812%2C%22model_selection_logic%22%3A3%7D","https://down-id.img.susercontent.com/file/sg-11134201-82251-mhmkq68l86isa9","adidas Gym & Training AEROREADY B-ball Cap Unisex Black JN6096","350.000","4.9","89 terjual","",""
"https://shopee.co.id/adidas-Lifestyle-Classic-3-Bar-Logo-Backpack-Unisex-Red-IS7052-i.270510657.44201187569?extraParams=%7B%22display_model_id%22%3A260095553156%2C%22model_selection_logic%22%3A3%7D","https://down-id.img.susercontent.com/file/id-11134201-7rbk8-mauoxpam452s4d","adidas Lifestyle Classic 3 Bar Logo Backpack Unisex Red IS7052","450.000","4.9","124 terjual","",""
"https://shopee.co.id/adidas-Lifestyle-Classic-Back-to-School-Stripes-Backpack-Unisex-Black-JD9564-i.270510657.44101187704?extraParams=%7B%22display_model_id%22%3A270094928260%2C%22model_selection_logic%22%3A3%7D","https://down-id.img.susercontent.com/file/sg-11134201-825ae-mgfuc8fmcpvx36","adidas Lifestyle Classic Back-to-School Stripes Backpack Unisex Black JD9564","450.000","5.0","468 terjual","",""
"https://shopee.co.id/adidas-Lifestyle-adidas-Classic-Tape-Backpack-Unisex-Black-JY1058-i.270510657.40815313022?extraParams=%7B%22display_model_id%22%3A306265072239%2C%22model_selection_logic%22%3A3%7D","https://down-id.img.susercontent.com/file/sg-11134201-824gs-mdx4jm3a0z5y6d","adidas Lifestyle adidas Classic Tape Backpack Unisex Black JY1058","600.000","4.8","157 terjual","",""
"https://shopee.co.id/adidas-Lifestyle-Backpack-With-Pencil-Case-Unisex-Black-JI8081-i.270510657.27586675671?extraParams=%7B%22display_model_id%22%3A270096306128%2C%22model_selection_logic%22%3A3%7D","https://down-id.img.susercontent.com/file/sg-11134201-7rdxj-mcm7w19j4jhzad","adidas Lifestyle Backpack With Pencil Case Unisex Black JI8081","600.000","4.9","452 terjual","",""
"https://shopee.co.id/adidas-Lifestyle-APWR-Backpack-Unisex-Green-IT5364-i.270510657.40773994942?extraParams=%7B%22display_model_id%22%3A244020616795%2C%22model_selection_logic%22%3A3%7D","https://down-id.img.susercontent.com/file/sg-11134201-825a4-mfsytge9h2j02d","adidas Lifestyle APWR Backpack Unisex Green IT5364","480.000","5.0","324 terjual","-20%",""
"https://shopee.co.id/adidas-Running-RUNNING-ESSENTIAL-CLIMACOOL-6-PANEL-BASEBALL-CAP-Unisex-Blue-KD7002-i.270510657.47900463359?extraParams=%7B%22display_model_id%22%3A365040215874%2C%22model_selection_logic%22%3A3%7D","https://down-id.img.susercontent.com/file/sg-11134201-825a0-mgfs5476sfm0d4","adidas Running RUNNING ESSENTIAL CLIMACOOL 6 PANEL BASEBALL CAP Unisex Blue KD7002","320.000","4.8","Pilih 2, diskon 15%","-20%","25 terjual"
"https://shopee.co.id/adidas-Lifestyle-3-Stripes-Bucket-Hat-Unisex-Black-JE5660-i.270510657.43601178298?extraParams=%7B%22display_model_id%22%3A295094939520%2C%22model_selection_logic%22%3A3%7D","https://down-id.img.susercontent.com/file/sg-11134201-821em-mh6zb1amuvbd0f","adidas Lifestyle 3-Stripes Bucket Hat Unisex Black JE5660","450.000","5.0","38 terjual","",""
"https://shopee.co.id/adidas-Lifestyle-Essentials-3-Bar-Logo-Backpack-Unisex-Grey-JY1002-i.270510657.41515263821?extraParams=%7B%22display_model_id%22%3A286261680679%2C%22model_selection_logic%22%3A3%7D","https://down-id.img.susercontent.com/file/sg-11134201-824g1-mdwuwu9wbkeece","adidas Lifestyle Essentials 3 Bar Logo Backpack Unisex Grey JY1002","600.000","4.9","29 terjual","",""
"https://shopee.co.id/adidas-Lifestyle-4ATHLTS-Duffel-Bag-Large-Unisex-Black-IM5522-i.270510657.29968097147?extraParams=%7B%22display_model_id%22%3A178549415180%2C%22model_selection_logic%22%3A3%7D","https://down-id.img.susercontent.com/file/sg-11134201-825ay-mgebxcm8w6byb1","adidas Lifestyle 4ATHLTS Duffel Bag Large Unisex Black IM5522","800.000","5.0","156 terjual","",""
"https://shopee.co.id/adidas-Lifestyle-4ATHLTS-Camper-Backpack-Unisex-Blue-IL5747-i.270510657.28518085848?extraParams=%7B%22display_model_id%22%3A59488958022%2C%22model_selection_logic%22%3A3%7D","https://down-id.img.susercontent.com/file/id-11134201-7rbkc-mauqnqj234tg42","adidas Lifestyle 4ATHLTS Camper Backpack Unisex Blue IL5747","640.000","5.0","Pilih 2, diskon 15%","-20%","152 terjual"
"https://shopee.co.id/adidas-Lifestyle-adidas-Classic-Tape-Backpack-Unisex-Burgundy-KE5636-i.270510657.57902611686?extraParams=%7B%22display_model_id%22%3A249110180165%2C%22model_selection_logic%22%3A3%7D","https://down-id.img.susercontent.com/file/sg-11134201-8227t-mhv508xwa5ts3f","adidas Lifestyle adidas Classic Tape Backpack Unisex Burgundy KE5636","600.000","5.0","52 terjual","",""
"https://shopee.co.id/adidas-Lifestyle-Gym-Training-Tech-3-Panel-Climaproof-Cap-Unisex-Black-JE5654-i.270510657.43701192871?extraParams=%7B%22display_model_id%22%3A260096863332%2C%22model_selection_logic%22%3A3%7D","https://down-id.img.susercontent.com/file/sg-11134201-8261r-mjz2w37tgzd439","adidas Lifestyle & Gym & Training Tech 3-Panel Climaproof Cap Unisex Black JE5654","440.000","5.0","Pilih 2, diskon 15%","-20%","80 terjual"
"https://shopee.co.id/adidas-Motorsport-Mercedes-AMG-Petronas-Formula-One-Team-George-Russell-Cap-Unisex-Blue-JZ2570-i.270510657.41922746582?extraParams=%7B%22display_model_id%22%3A301847267721%2C%22model_selection_logic%22%3A3%7D","https://down-id.img.susercontent.com/file/sg-11134201-824ip-mfdhb5pwi0pa3a","adidas Motorsport Mercedes - AMG Petronas Formula One Team George Russell Cap Unisex Blue JZ2570","672.000","4.9","Pilih 2, diskon 15%","-20%","39 terjual"
"https://shopee.co.id/adidas-Hiking-Terrex-Multi-Sling-Bag-Unisex-Green-KC5010-i.270510657.44653212350?extraParams=%7B%22display_model_id%22%3A385307285126%2C%22model_selection_logic%22%3A3%7D","https://down-id.img.susercontent.com/file/sg-11134201-822y5-mica1g7iqm0ye2","adidas Hiking Terrex Multi Sling Bag Unisex Green KC5010","500.000","5.0","8 terjual","",""
"https://shopee.co.id/adidas-Lifestyle-New-Logo-Baseball-Cap-Unisex-White-JP0392-i.270510657.42915251499?extraParams=%7B%22display_model_id%22%3A248800215784%2C%22model_selection_logic%22%3A3%7D","https://down-id.img.susercontent.com/file/sg-11134201-824ih-mdwpeo26s0ld91","adidas Lifestyle New Logo Baseball Cap Unisex White JP0392","350.000","5.0","18 terjual","",""
"https://shopee.co.id/adidas-Lifestyle-Linear-Backpack-Unisex-Black-JD9556-i.270510657.42501173778?extraParams=%7B%22display_model_id%22%3A280094928672%2C%22model_selection_logic%22%3A3%7D","https://down-id.img.susercontent.com/file/sg-11134201-8258z-mgfv8ncfu49800","adidas Lifestyle Linear Backpack Unisex Black JD9556","450.000","5.0","194 terjual","",""
"https://shopee.co.id/adidas-Lifestyle-Linear-Bum-Bag-Unisex-Black-JE8345-i.270510657.44301187802?extraParams=%7B%22display_model_id%22%3A290094937976%2C%22model_selection_logic%22%3A3%7D","https://down-id.img.susercontent.com/file/sg-11134201-7rdw0-mcp7diro8t8g67","adidas Lifestyle Linear Bum Bag Unisex Black JE8345","300.000","4.9","925 terjual","",""
"https://shopee.co.id/adidas-Lifestyle-Mid-Ankle-Socks-6-Pairs-Unisex-White-IJ5628-i.270510657.28618095557?extraParams=%7B%22display_model_id%22%3A257062856093%2C%22model_selection_logic%22%3A3%7D","https://down-id.img.susercontent.com/file/sg-11134201-7ra3r-mbi1btnjhywlde","adidas Lifestyle Mid Ankle Socks 6 Pairs Unisex White IJ5628","400.000","5.0","94 terjual","",""
"https://shopee.co.id/adidas-Gym-Training-Lifestyle-Essentials-3-Stripes-Backpack-Unisex-Green-IZ1909-i.270510657.26686670557?extraParams=%7B%22display_model_id%22%3A275096147767%2C%22model_selection_logic%22%3A3%7D","https://down-id.img.susercontent.com/file/sg-11134201-8258m-mgft85w4xamkd8","adidas Gym & Training & Lifestyle Essentials 3-Stripes Backpack Unisex Green IZ1909","330.000","5.0","Pilih 2, diskon 15%","-40%","471 terjual"
"https://shopee.co.id/adidas-Lifestyle-SEERSUCKER-DAD-CAP-Unisex-White-JZ1046-i.270510657.44850079728?extraParams=%7B%22display_model_id%22%3A262086322410%2C%22model_selection_logic%22%3A3%7D","https://down-id.img.susercontent.com/file/sg-11134201-825b9-mg77qfibbea426","adidas Lifestyle SEERSUCKER DAD CAP Unisex White JZ1046","360.000","4.7","Pilih 2, diskon 15%","-20%","17 terjual"
"https://shopee.co.id/adidas-Lifestyle-Kids-Linear-Backpack-Unisex-Black-KC3138-i.270510657.29693707079?extraParams=%7B%22display_model_id%22%3A435222371231%2C%22model_selection_logic%22%3A3%7D","https://down-id.img.susercontent.com/file/sg-11134201-82613-mm7e7hsdqu4va5","adidas Lifestyle Kids Linear Backpack Unisex Black KC3138","350.000","5.0","167 terjual","",""
"https://shopee.co.id/adidas-Running-adidas-by-Stella-McCartney-Cap-Women-Black-IP0394-i.270510657.27168090510?extraParams=%7B%22display_model_id%22%3A197989228519%2C%22model_selection_logic%22%3A3%7D","https://down-id.img.susercontent.com/file/sg-11134201-7rdxy-mcmrccoj9qrbe8","adidas Running adidas by Stella McCartney Cap Women Black IP0394","900.000","4.9 Penilaian Toko","3 terjual","",""
"https://shopee.co.id/adidas-Lifestyle-COTTON-BASEBALL-CAP-Unisex-Purple-H34474-i.270510657.40001207653?extraParams=%7B%22display_model_id%22%3A167181637289%2C%22model_selection_logic%22%3A3%7D","https://down-id.img.susercontent.com/file/id-11134201-7rbkc-maupwgt0oj4p07","adidas Lifestyle COTTON BASEBALL CAP Unisex Purple H34474","300.000","4.9","325 terjual","",""
"https://shopee.co.id/adidas-Lifestyle-Linear-Ankle-Cushioned-Socks-3-Pairs-Unisex-White-HT3457-i.270510657.27568085254?extraParams=%7B%22display_model_id%22%3A207989181570%2C%22model_selection_logic%22%3A3%7D","https://down-id.img.susercontent.com/file/id-11134201-7rbk4-mauqxxx8g84k14","adidas Lifestyle Linear Ankle Cushioned Socks 3 Pairs Unisex White HT3457","200.000","4.9","329 terjual","",""
"https://shopee.co.id/adidas-Lifestyle-Cap-Kids-Unisex-Black-JD1328-i.270510657.49950337968?extraParams=%7B%22display_model_id%22%3A430030106875%2C%22model_selection_logic%22%3A3%7D","https://down-id.img.susercontent.com/file/sg-11134201-8259h-mgee5i5q4cum0a","adidas Lifestyle Cap Kids Unisex Black JD1328","430.000","4.9 Penilaian Toko","2 terjual","",""
"https://shopee.co.id/adidas-Lifestyle-Thin-Linear-Low-Cut-Socks-3-Pairs-Unisex-White-HT3447-i.270510657.29868090464?extraParams=%7B%22display_model_id%22%3A29854865372%2C%22model_selection_logic%22%3A3%7D","https://down-id.img.susercontent.com/file/sg-11134201-821dj-mh2mj5g269l7aa","adidas Lifestyle Thin Linear Low-Cut Socks 3 Pairs Unisex White HT3447","200.000","5.0","19 terjual","",""
"https://shopee.co.id/adidas-Lifestyle-Linear-Crew-Cushioned-Socks-3-Pairs-Unisex-White-HT3455-i.270510657.26118085401?extraParams=%7B%22display_model_id%22%3A233481123342%2C%22model_selection_logic%22%3A3%7D","https://down-id.img.susercontent.com/file/sg-11134201-824i4-mf1wuj1odhxk42","adidas Lifestyle Linear Crew Cushioned Socks 3 Pairs Unisex White HT3455","250.000","4.9","173 terjual","",""
"https://shopee.co.id/adidas-Lifestyle-Thin-and-Light-Ankle-Socks-3-Pairs-Unisex-White-HT3468-i.270510657.28818096482?extraParams=%7B%22display_model_id%22%3A109324476170%2C%22model_selection_logic%22%3A3%7D","https://down-id.img.susercontent.com/file/id-11134201-7rbk5-mauqk2zuj35g6a","adidas Lifestyle Thin and Light Ankle Socks 3 Pairs Unisex White HT3468","180.000","4.9","392 terjual","",""
"https://shopee.co.id/adidas-Lifestyle-Road-Cap-Unisex-Black-IW8629-i.270510657.29468085925?extraParams=%7B%22display_model_id%22%3A217989234056%2C%22model_selection_logic%22%3A3%7D","https://down-id.img.susercontent.com/file/id-11134201-7rbk6-mauq2m44tkwu54","adidas Lifestyle Road Cap Unisex Black IW8629","400.000","5.0","8 terjual","",""
"https://shopee.co.id/adidas-Hiking-Terrex-Climacool-5-Panel-Graphic-Cap-Unisex-White-JJ1478-i.270510657.42201556533?extraParams=%7B%22display_model_id%22%3A168936034284%2C%22model_selection_logic%22%3A3%7D","https://down-id.img.susercontent.com/file/sg-11134201-8258u-mgfuavx325n138","adidas Hiking Terrex Climacool 5-Panel Graphic Cap Unisex White JJ1478","450.000","5.0","14 terjual","",""
"https://shopee.co.id/adidas-Lifestyle-Classic-Badge-of-Sport-Backpack-Unisex-Black-HG0349-i.270510657.26468092142?extraParams=%7B%22display_model_id%22%3A247063315953%2C%22model_selection_logic%22%3A3%7D","https://down-id.img.susercontent.com/file/id-11134201-7rbkd-maura29lvh5l72","adidas Lifestyle Classic Badge of Sport Backpack Unisex Black HG0349","320.000","4.9","Pilih 2, diskon 15%","-20%","2RB+ terjual"
"https://shopee.co.id/adidas-Lifestyle-Cap-Unisex-Black-JC6058-i.270510657.43315223043?extraParams=%7B%22display_model_id%22%3A286258723596%2C%22model_selection_logic%22%3A3%7D","https://down-id.img.susercontent.com/file/sg-11134201-824ga-mdwkcj4s0we832","adidas Lifestyle Cap Unisex Black JC6058","384.000","5.0","Pilih 2, diskon 15%","-20%","7 terjual"
"https://shopee.co.id/adidas-Lifestyle-COTTON-BASEBALL-CAP-Unisex-Grey-HD7234-i.270510657.26318083627?extraParams=%7B%22display_model_id%22%3A252063042785%2C%22model_selection_logic%22%3A3%7D","https://down-id.img.susercontent.com/file/id-11134201-7rbkd-maurbzwhyyam83","adidas Lifestyle COTTON BASEBALL CAP Unisex Grey HD7234","240.000","4.9","Pilih 2, diskon 15%","-20%","376 terjual"
"https://shopee.co.id/adidas-Lifestyle-Adicolor-Classic-Trefoil-Baseball-Cap-Unisex-White-JC6025-i.270510657.42351193034?extraParams=%7B%22display_model_id%22%3A270096259803%2C%22model_selection_logic%22%3A3%7D","https://down-id.img.susercontent.com/file/sg-11134201-821da-mh9rj0jvanew13","adidas Lifestyle Adicolor Classic Trefoil Baseball Cap Unisex White JC6025","400.000","5.0","53 terjual","",""
"https://shopee.co.id/adidas-Lifestyle-Camo-Backpack-Unisex-Black-IX6824-i.270510657.27637131334?extraParams=%7B%22display_model_id%22%3A290239110747%2C%22model_selection_logic%22%3A3%7D","https://down-id.img.susercontent.com/file/sg-11134201-7rdvj-mcmhcmnq3kxj35","adidas Lifestyle Camo Backpack Unisex Black IX6824","600.000","5.0","109 terjual","",""
"https://shopee.co.id/adidas-Lifestyle-New-Logo-Embroidered-Baseball-Cap-Unisex-White-JN6590-i.270510657.44015238622?extraParams=%7B%22display_model_id%22%3A218665750890%2C%22model_selection_logic%22%3A3%7D","https://down-id.img.susercontent.com/file/sg-11134201-824gv-mdwp7cq3qmma13","adidas Lifestyle New Logo Embroidered Baseball Cap Unisex White JN6590","300.000","4.8","75 terjual","",""
"https://shopee.co.id/adidas-Lifestyle-Sportswear-Classic-Bucket-Hat-Unisex-Black-JG3662-i.270510657.42101206726?extraParams=%7B%22display_model_id%22%3A243428445947%2C%22model_selection_logic%22%3A3%7D","https://down-id.img.susercontent.com/file/sg-11134201-7rdwx-mcmsreebzuqc10","adidas Lifestyle Sportswear Classic Bucket Hat Unisex Black JG3662","360.000","5.0","Pilih 2, diskon 15%","-20%","2 terjual"
"https://shopee.co.id/adidas-Lifestyle-Classic-Foundation-Backpack-Unisex-Green-HR5341-i.270510657.44301188262?extraParams=%7B%22display_model_id%22%3A290095087556%2C%22model_selection_logic%22%3A3%7D","https://down-id.img.susercontent.com/file/sg-11134201-82622-mm7g3diqonph36","adidas Lifestyle Classic Foundation Backpack Unisex Green HR5341","300.000","4.9","1RB+ terjual","",""
"https://shopee.co.id/adidas-Lifestyle-4ATHLTS-Camper-Backpack-Unisex-Green-IL5748-i.270510657.26336654854?extraParams=%7B%22display_model_id%22%3A178933206910%2C%22model_selection_logic%22%3A3%7D","https://down-id.img.susercontent.com/file/id-11134201-7rbk9-maurbn5urqxq61","adidas Lifestyle 4ATHLTS Camper Backpack Unisex Green IL5748","560.000","5.0","Pilih 2, diskon 15%","-30%","1RB+ terjual"
"https://shopee.co.id/adidas-Lifestyle-Mid-Cut-Crew-Socks-3-Pairs-Unisex-White-IL5026-i.270510657.29318082474?extraParams=%7B%22display_model_id%22%3A242062745047%2C%22model_selection_logic%22%3A3%7D","https://down-id.img.susercontent.com/file/id-11134201-7rbk4-mauq49stiovsa7","adidas Lifestyle Mid Cut Crew Socks 3 Pairs Unisex White IL5026","250.000","5.0","132 terjual","",""
"https://shopee.co.id/adidas-Gym-Training-Lifestyle-Sport-Waist-Bag-Women-Black-JE3225-i.270510657.28286664401?extraParams=%7B%22display_model_id%22%3A285094945748%2C%22model_selection_logic%22%3A3%7D","https://down-id.img.susercontent.com/file/sg-11134201-7rdw3-mcmdlko7128jec","adidas Gym & Training & Lifestyle Sport Waist Bag Women Black JE3225","500.000","4.9","515 terjual","",""
"https://shopee.co.id/adidas-Lifestyle-APWR-Backpack-Unisex-Beige-IX3178-i.270510657.26218087288?extraParams=%7B%22display_model_id%22%3A139144683410%2C%22model_selection_logic%22%3A3%7D","https://down-id.img.susercontent.com/file/sg-11134201-7rdxa-mcmd8q8bsklc7d","adidas Lifestyle APWR Backpack Unisex Beige IX3178","480.000","4.9","Pilih 2, diskon 15%","-20%","1RB+ terjual"
"https://shopee.co.id/adidas-Gym-Training-Performance-Cushioned-Low-Socks-3-Pairs-Unisex-Black-IC9518-i.270510657.27968734334?extraParams=%7B%22display_model_id%22%3A205588398824%2C%22model_selection_logic%22%3A3%7D","https://down-id.img.susercontent.com/file/id-11134201-7rbk0-mauqtpdxmmk48b","adidas Gym & Training Performance Cushioned Low Socks 3 Pairs Unisex Black IC9518","180.000","5.0","415 terjual","",""
"https://shopee.co.id/adidas-Lifestyle-Classic-Foundation-Backpack-Unisex-Grey-IZ1904-i.270510657.44301177943?extraParams=%7B%22display_model_id%22%3A300094853463%2C%22model_selection_logic%22%3A3%7D","https://down-id.img.susercontent.com/file/sg-11134201-7rdx5-mdqpw7rnp2bgec","adidas Lifestyle Classic Foundation Backpack Unisex Grey IZ1904","240.000","4.9","Pilih 2, diskon 15%","-20%","1RB+ terjual"
"https://shopee.co.id/adidas-Lifestyle-3-Stripes-Cotton-Twill-Baseball-Cap-Unisex-Black-IB3242-i.270510657.29868087917?extraParams=%7B%22display_model_id%22%3A257063440348%2C%22model_selection_logic%22%3A3%7D","https://down-id.img.susercontent.com/file/sg-11134201-825ax-mg600ncbwah5a1","adidas Lifestyle 3-Stripes Cotton Twill Baseball Cap Unisex Black IB3242","300.000","5.0","433 terjual","",""
"https://shopee.co.id/adidas-Gym-Training-Lifestyle-EP-Syst.-Shoe-Bag-Unisex-Black-IM5233-i.270510657.29868084644?extraParams=%7B%22display_model_id%22%3A247063374595%2C%22model_selection_logic%22%3A3%7D","https://down-id.img.susercontent.com/file/id-11134201-7rbk3-maupya355cqc2b","adidas Gym & Training & Lifestyle EP/Syst. Shoe Bag Unisex Black IM5233","245.000","5.0","Pilih 2, diskon 15%","-30%","405 terjual"
"https://shopee.co.id/adidas-Lifestyle-Essentials-Linear-Duffel-Bag-Medium-Unisex-Black-HT4743-i.270510657.25138525868?extraParams=%7B%22display_model_id%22%3A158892625334%2C%22model_selection_logic%22%3A3%7D","https://down-id.img.susercontent.com/file/id-11134201-7rbkd-mauriy43tfu3c0","adidas Lifestyle Essentials Linear Duffel Bag Medium Unisex Black HT4743","480.000","5.0","Pilih 2, diskon 15%","-20%","1RB+ terjual"
"https://shopee.co.id/adidas-Lifestyle-Essentials-Classic-Backpack-Unisex-Black-JF0755-i.270510657.29736649629?extraParams=%7B%22display_model_id%22%3A147846509177%2C%22model_selection_logic%22%3A3%7D","https://down-id.img.susercontent.com/file/id-11134201-7rbk5-maupzebs9hw940","adidas Lifestyle Essentials Classic Backpack Unisex Black JF0755","650.000","5.0","167 terjual","",""
"https://shopee.co.id/adidas-Football-FIFA-World-Cup-26%E2%84%A2-Official-Emblem-Cap-Unisex-White-KE7369-i.270510657.50851430738?extraParams=%7B%22display_model_id%22%3A302158643748%2C%22model_selection_logic%22%3A3%7D","https://down-id.img.susercontent.com/file/sg-11134201-821e9-mhbfret2zvgod8","adidas Football FIFA World Cup 26™ Official Emblem Cap Unisex White KE7369","350.000","4.9 Penilaian Toko","8 terjual","",""
"https://shopee.co.id/adidas-Lifestyle-Thin-and-Light-Sportswear-Low-Cut-Socks-3-Pairs-Unisex-Black-IC1336-i.270510657.29268086148?extraParams=%7B%22display_model_id%22%3A233481245603%2C%22model_selection_logic%22%3A3%7D","https://down-id.img.susercontent.com/file/id-11134201-7rbkb-mauq4sdiaopl3a","adidas Lifestyle Thin and Light Sportswear Low-Cut Socks 3 Pairs Unisex Black IC1336","180.000","4.8","38 terjual","",""
"https://shopee.co.id/adidas-Lifestyle-Adicolor-Classic-Small-Item-Bag-Unisex-Turquoise-JD5545-i.270510657.42751197674?extraParams=%7B%22display_model_id%22%3A295096323905%2C%22model_selection_logic%22%3A3%7D","https://down-id.img.susercontent.com/file/sg-11134201-7rdx0-mcmz01325c8s1b","adidas Lifestyle Adicolor Classic Small Item Bag Unisex Turquoise JD5545","288.000","4.9","Pilih 2, diskon 15%","-40%","118 terjual"
"https://shopee.co.id/adidas-Lifestyle-4ATHLTS-Camper-Backpack-Unisex-Black-IM5520-i.270510657.27768084101?extraParams=%7B%22display_model_id%22%3A257063191935%2C%22model_selection_logic%22%3A3%7D","https://down-id.img.susercontent.com/file/sg-11134201-7rdvu-mcmc6y6nz9j470","adidas Lifestyle 4ATHLTS Camper Backpack Unisex Black IM5520","800.000","5.0","65 terjual","",""
"https://shopee.co.id/adidas-Football-FIFA-World-Cup-26%E2%84%A2-Official-Emblem-Cap-Unisex-Black-KE7368-i.270510657.44501739472?extraParams=%7B%22display_model_id%22%3A420158375348%2C%22model_selection_logic%22%3A3%7D","https://down-id.img.susercontent.com/file/sg-11134201-821e1-mh8wlo7yllvu19","adidas Football FIFA World Cup 26™ Official Emblem Cap Unisex Black KE7368","350.000","5.0","57 terjual","",""
"https://shopee.co.id/adidas-Lifestyle-LINEAR-BASEBALL-CAP-Unisex-Blue-KE8257-i.270510657.42474650090?extraParams=%7B%22display_model_id%22%3A228173132187%2C%22model_selection_logic%22%3A3%7D","https://down-id.img.susercontent.com/file/sg-11134201-8260c-mm8hx0pfocg223","adidas Lifestyle LINEAR BASEBALL CAP Unisex Blue KE8257","430.000","5.0","4 terjual","",""
"https://shopee.co.id/adidas-Lifestyle-Must-Haves-Backpack-Unisex-Black-IM5214-i.270510657.41201205397?extraParams=%7B%22display_model_id%22%3A265096464777%2C%22model_selection_logic%22%3A3%7D","https://down-id.img.susercontent.com/file/id-11134201-7rbka-maupmy2q82he20","adidas Lifestyle Must Haves Backpack Unisex Black IM5214","700.000","4.6","73 terjual","",""
"https://shopee.co.id/adidas-Lifestyle-New-Logo-Embroidered-Baseball-Cap-Unisex-Blue-KE8271-i.270510657.48202317986?extraParams=%7B%22display_model_id%22%3A325222380671%2C%22model_selection_logic%22%3A3%7D","https://down-id.img.susercontent.com/file/sg-11134201-82281-mhmldup3e0at13","adidas Lifestyle New Logo Embroidered Baseball Cap Unisex Blue KE8271","300.000","4.8","20 terjual","",""
"https://shopee.co.id/adidas-Lifestyle-Mid-Crew-Socks-3-Pairs-Unisex-White-FT8529-i.270510657.28219508012?extraParams=%7B%22display_model_id%22%3A218030598221%2C%22model_selection_logic%22%3A3%7D","https://down-id.img.susercontent.com/file/sg-11134201-82260-mhcnwbof4x72db","adidas Lifestyle Mid Crew Socks 3 Pairs Unisex White FT8529","300.000","5.0","190 terjual","",""
"https://shopee.co.id/adidas-Lifestyle-COTTON-BASEBALL-CAP-Unisex-Blue-FQ5270-i.270510657.28318088644?extraParams=%7B%22display_model_id%22%3A223481722841%2C%22model_selection_logic%22%3A3%7D","https://down-id.img.susercontent.com/file/id-11134201-7rbka-mauqpw54gwpl5f","adidas Lifestyle COTTON BASEBALL CAP Unisex Blue FQ5270","300.000","5.0","376 terjual","",""
"https://shopee.co.id/adidas-Gym-Training-Sport-Trucker-CLIMACOOL-Cap-Unisex-Black-JE3926-i.270510657.27286664457?extraParams=%7B%22display_model_id%22%3A295094929766%2C%22model_selection_logic%22%3A3%7D","https://down-id.img.susercontent.com/file/sg-11134201-81zuq-mmr41oerk35x89","adidas Gym & Training Sport Trucker CLIMACOOL Cap Unisex Black JE3926","440.000","4.9","Pilih 2, diskon 15%","-20%","63 terjual"
"https://shopee.co.id/adidas-Lifestyle-LINEAR-BASEBALL-CAP-Unisex-Black-KB2108-i.270510657.52450433474?extraParams=%7B%22display_model_id%22%3A350040224295%2C%22model_selection_logic%22%3A3%7D","https://down-id.img.susercontent.com/file/sg-11134201-8226z-mhmlb7gxm7eu1b","adidas Lifestyle LINEAR BASEBALL CAP Unisex Black KB2108","430.000","4.8","26 terjual","",""
"https://shopee.co.id/adidas-Gym-Training-Lifestyle-PrimeLift-Backpack-Unisex-Blue-HM9303-i.270510657.29768090943?extraParams=%7B%22display_model_id%22%3A178549287761%2C%22model_selection_logic%22%3A3%7D","https://down-id.img.susercontent.com/file/id-11134201-7rbk4-maupz5yqkt9a88","adidas Gym & Training & Lifestyle PrimeLift Backpack Unisex Blue HM9303","400.000","4.9","Pilih 2, diskon 15%","-20%","966 terjual"
"https://shopee.co.id/adidas-Lifestyle-Adicolor-Classic-Diamond-Bag-Unisex-Black-JD5550-i.270510657.29336670686?extraParams=%7B%22display_model_id%22%3A300096264940%2C%22model_selection_logic%22%3A3%7D","https://down-id.img.susercontent.com/file/sg-11134201-7rdxm-mcn2e4sjk8jgf6","adidas Lifestyle Adicolor Classic Diamond Bag Unisex Black JD5550","440.000","5.0","Pilih 2, diskon 15%","-20%","62 terjual"
"https://shopee.co.id/adidas-Gym-Training-Lifestyle-ADIDAS-ADAPTIVE-PACKING-SYSTEM-CROSSBODY-BAG-Unisex-Black-JL6117-i.270510657.40465262583?extraParams=%7B%22display_model_id%22%3A253800514538%2C%22model_selection_logic%22%3A3%7D","https://down-id.img.susercontent.com/file/sg-11134201-824h9-mdwtnvwgujuveb","adidas Gym & Training & Lifestyle ADIDAS ADAPTIVE PACKING SYSTEM CROSSBODY BAG Unisex Black JL6117","700.000","4.9","13 terjual","",""
"https://shopee.co.id/adidas-Running-Runningxadizero-Lightweight-CLIMACOOL-Cap-Unisex-White-KD6975-i.270510657.27643590086?extraParams=%7B%22display_model_id%22%3A390131376570%2C%22model_selection_logic%22%3A3%7D","https://down-id.img.susercontent.com/file/sg-11134201-821dk-mh2o7zm68qvcb4","adidas Running Runningxadizero Lightweight CLIMACOOL Cap Unisex White KD6975","550.000","5.0","7 terjual","",""
"https://shopee.co.id/adidas-Lifestyle-Cap-Kids-Unisex-Pink-KE0385-i.270510657.49850778210?extraParams=%7B%22display_model_id%22%3A405068877484%2C%22model_selection_logic%22%3A3%7D","https://down-id.img.susercontent.com/file/sg-11134201-821dm-mgmvtesue58uc1","adidas Lifestyle Cap Kids Unisex Pink KE0385","344.000","5.0","Pilih 2, diskon 15%","-20%","2 terjual"
"https://shopee.co.id/adidas-Lifestyle-adidas-Marvel-Spider-Man-Cap-Kids-Unisex-Red-JM1830-i.270510657.27140533399?extraParams=%7B%22display_model_id%22%3A208666337343%2C%22model_selection_logic%22%3A3%7D","https://down-id.img.susercontent.com/file/sg-11134201-824gs-mdx4ais6yosh82","adidas Lifestyle adidas Marvel Spider Man Cap Kids Unisex Red JM1830","450.000","5.0","20 terjual","",""
"https://shopee.co.id/adidas-Lifestyle-Classic-Back-to-School-3-Stripes-Backpack-Unisex-Red-IS7043-i.270510657.43717028160?extraParams=%7B%22display_model_id%22%3A138406880378%2C%22model_selection_logic%22%3A3%7D","https://down-id.img.susercontent.com/file/sg-11134201-824g4-me4ykh6g7403d2","adidas Lifestyle Classic Back-to-School 3-Stripes Backpack Unisex Red IS7043","500.000","5.0","52 terjual","",""
"https://shopee.co.id/adidas-Lifestyle-Essentials-Linear-Backpack-Unisex-Black-HT4746-i.270510657.24438521782?extraParams=%7B%22display_model_id%22%3A157561118669%2C%22model_selection_logic%22%3A3%7D","https://down-id.img.susercontent.com/file/id-11134201-7rbkc-maurlop5jt3y31","adidas Lifestyle Essentials Linear Backpack Unisex Black HT4746","320.000","5.0","Pilih 2, diskon 15%","-20%","800 terjual"
"https://shopee.co.id/adidas-Gym-Training-Lifestyle-adidas-by-Stella-McCartney-24-7-Bag-Women-Black-IS9014-i.270510657.43601561525?extraParams=%7B%22display_model_id%22%3A285126959727%2C%22model_selection_logic%22%3A3%7D","https://down-id.img.susercontent.com/file/sg-11134201-7rdyi-mcm7wifg0cho56","adidas Gym & Training & Lifestyle adidas by Stella McCartney 24/7 Bag Women Black IS9014","1.768.000","4.9 Penilaian Toko","Pilih 2, diskon 15%","-32%","4 terjual"
"https://shopee.co.id/adidas-Lifestyle-Essentials-Linear-Backpack-Unisex-Green-HR5344-i.270510657.42201174051?extraParams=%7B%22display_model_id%22%3A280095022918%2C%22model_selection_logic%22%3A3%7D","https://down-id.img.susercontent.com/file/id-11134201-7rbkb-maupe3wfu184a5","adidas Lifestyle Essentials Linear Backpack Unisex Green HR5344","400.000","5.0","776 terjual","",""
"https://shopee.co.id/adidas-Lifestyle-APWR-Backpack-Unisex-Green-IX6578-i.270510657.42217035115?extraParams=%7B%22display_model_id%22%3A291406111436%2C%22model_selection_logic%22%3A3%7D","https://down-id.img.susercontent.com/file/sg-11134201-824j8-me4zk9tewdtwab","adidas Lifestyle APWR Backpack Unisex Green IX6578","420.000","5.0","Pilih 2, diskon 15%","-30%","239 terjual"
"https://shopee.co.id/adidas-Gym-Training-Lifestyle-Sport-Backpack-Women-Black-JE3224-i.270510657.44301182955?extraParams=%7B%22display_model_id%22%3A159185525339%2C%22model_selection_logic%22%3A3%7D","https://down-id.img.susercontent.com/file/sg-11134201-7rdvt-mcmeb2by81ucd5","adidas Gym & Training & Lifestyle Sport Backpack Women Black JE3224","650.000","5.0","568 terjual","",""
"https://shopee.co.id/adidas-Lifestyle-3-Stripes-New-Logo-Baseball-Cap-Unisex-Blue-JP0384-i.270510657.40515238744?extraParams=%7B%22display_model_id%22%3A261260763862%2C%22model_selection_logic%22%3A3%7D","https://down-id.img.susercontent.com/file/sg-11134201-821fz-mh9r7y66ls7e79","adidas Lifestyle 3-Stripes New Logo Baseball Cap Unisex Blue JP0384","350.000","5.0","10 terjual","",""
"https://shopee.co.id/adidas-Gym-Training-Performance-Cushioned-Low-Socks-3-Pairs-Unisex-White-HT3449-i.270510657.28868090220?extraParams=%7B%22display_model_id%22%3A205568571335%2C%22model_selection_logic%22%3A3%7D","https://down-id.img.susercontent.com/file/id-11134201-7rbk9-mauqjq3deu5g90","adidas Gym & Training Performance Cushioned Low Socks 3 Pairs Unisex White HT3449","180.000","5.0","315 terjual","",""
"https://shopee.co.id/adidas-Lifestyle-4ATHLTS-Duffel-Bag-Small-Unisex-Blue-IY1816-i.270510657.40267028268?extraParams=%7B%22display_model_id%22%3A296405966864%2C%22model_selection_logic%22%3A3%7D","https://down-id.img.susercontent.com/file/sg-11134201-824hn-me4ynwzm1e6f59","adidas Lifestyle 4ATHLTS Duffel Bag Small Unisex Blue IY1816","650.000","4.9 Penilaian Toko","2 terjual","",""
"https://shopee.co.id/adidas-Running-Terrex-Heat.Rdy-Trail-Running-Speed-Ankle-Socks-Unisex-White-IN4649-i.270510657.29268085619?extraParams=%7B%22display_model_id%22%3A242062679979%2C%22model_selection_logic%22%3A3%7D","https://down-id.img.susercontent.com/file/sg-11134201-7rau4-mayh4a08ejnn9e","adidas Running Terrex Heat.Rdy Trail Running Speed Ankle Socks Unisex White IN4649","200.000","5.0","Pilih 2, diskon 15%","-20%","16 terjual"
"https://shopee.co.id/adidas-Lifestyle-Adicolor-Small-Item-Bag-Unisex-Green-JX5309-i.270510657.25844779014?extraParams=%7B%22display_model_id%22%3A253340325502%2C%22model_selection_logic%22%3A3%7D","https://down-id.img.susercontent.com/file/sg-11134201-7rdyq-md9u4in030owfb","adidas Lifestyle Adicolor Small Item Bag Unisex Green JX5309","336.000","5.0","Pilih 2, diskon 15%","-30%","7 terjual"
"https://shopee.co.id/adidas-Lifestyle-Mid-Crew-Socks-3-Pairs-Unisex-Black-FM0643-i.270510657.29619516157?extraParams=%7B%22display_model_id%22%3A208030594726%2C%22model_selection_logic%22%3A3%7D","https://down-id.img.susercontent.com/file/sg-11134201-8227i-mhjqm667mcjs27","adidas Lifestyle Mid Crew Socks 3 Pairs Unisex Black FM0643","300.000","5.0","41 terjual","",""
"https://shopee.co.id/adidas-Football-Starlancer-Club-Ball-Unisex-White-IP1648-i.270510657.27818100208?extraParams=%7B%22display_model_id%22%3A242063622798%2C%22model_selection_logic%22%3A3%7D","https://down-id.img.susercontent.com/file/id-11134201-7rbka-mauqv78utai35e","adidas Football Starlancer Club Ball Unisex White IP1648","300.000","5.0","138 terjual","",""
"https://shopee.co.id/adidas-Football-Milano-23-Socks-Unisex-Blue-IB7814-i.270510657.28818086418?extraParams=%7B%22display_model_id%22%3A237041608525%2C%22model_selection_logic%22%3A3%7D","https://down-id.img.susercontent.com/file/id-11134201-7rbka-mauqkatr3yj6f7","adidas Football Milano 23 Socks Unisex Blue IB7814","150.000","4.9","44 terjual","",""
"https://shopee.co.id/adidas-Lifestyle-ADIDAS-MINECRAFT-YOUTH-CAP-Unisex-Green-KC9492-i.270510657.43074469498?extraParams=%7B%22display_model_id%22%3A301985316229%2C%22model_selection_logic%22%3A3%7D","https://down-id.img.susercontent.com/file/sg-11134201-825ao-mfwav29xq4uh88","adidas Lifestyle ADIDAS MINECRAFT YOUTH CAP Unisex Green KC9492","360.000","4.7","Pilih 2, diskon 15%","-20%","7 terjual"
"https://shopee.co.id/adidas-Lifestyle-New-Logo-Embroidered-Baseball-Cap-Unisex-Orange-KE8272-i.270510657.44552309320?extraParams=%7B%22display_model_id%22%3A385222376364%2C%22model_selection_logic%22%3A3%7D","https://down-id.img.susercontent.com/file/sg-11134201-8225y-mhmlatej6p6w9d","adidas Lifestyle New Logo Embroidered Baseball Cap Unisex Orange KE8272","300.000","5.0","22 terjual","",""
"https://shopee.co.id/adidas-Lifestyle-Crossbody-Bowling-Bag-Unisex-Black-JC6082-i.270510657.43601207162?extraParams=%7B%22display_model_id%22%3A275096344392%2C%22model_selection_logic%22%3A3%7D","https://down-id.img.susercontent.com/file/sg-11134201-7rdwq-mcmk79mox0vr83","adidas Lifestyle Crossbody Bowling Bag Unisex Black JC6082","850.000","4.9","85 terjual","",""
"https://shopee.co.id/adidas-Lifestyle-Adicolor-Small-Item-Bag-Unisex-Grey-JN7495-i.270510657.27786675645?extraParams=%7B%22display_model_id%22%3A260096931783%2C%22model_selection_logic%22%3A3%7D","https://down-id.img.susercontent.com/file/sg-11134201-825b7-mgfsbfpb3dvsba","adidas Lifestyle Adicolor Small Item Bag Unisex Grey JN7495","288.000","4.9","Pilih 2, diskon 15%","-40%","38 terjual"
"https://shopee.co.id/adidas-Lifestyle-Linear-Backpack-Unisex-Blue-IN6120-i.270510657.40267032935?extraParams=%7B%22display_model_id%22%3A306406009882%2C%22model_selection_logic%22%3A3%7D","https://down-id.img.susercontent.com/file/sg-11134201-824iw-me4z0hrybn5taa","adidas Lifestyle Linear Backpack Unisex Blue IN6120","450.000","5.0","2 terjual","",""
"https://shopee.co.id/adidas-Lifestyle-3-Stripes-New-Logo-Baseball-Cap-Unisex-Beige-JW6036-i.270510657.41565253927?extraParams=%7B%22display_model_id%22%3A266261400872%2C%22model_selection_logic%22%3A3%7D","https://down-id.img.susercontent.com/file/sg-11134201-821f5-mgzs9m70i5fs62","adidas Lifestyle 3-Stripes New Logo Baseball Cap Unisex Beige JW6036","350.000","5.0","48 terjual","",""
"https://shopee.co.id/adidas-Lifestyle-Adicolor-Small-Item-Bag-Unisex-Black-JD5570-i.270510657.43851207129?extraParams=%7B%22display_model_id%22%3A227824712726%2C%22model_selection_logic%22%3A3%7D","https://down-id.img.susercontent.com/file/sg-11134201-7rdxr-mda5yz53il6feb","adidas Lifestyle Adicolor Small Item Bag Unisex Black JD5570","336.000","5.0","Pilih 2, diskon 15%","-30%","34 terjual"
"https://shopee.co.id/adidas-Lifestyle-4ATHLTS-Duffel-Bag-Medium-Unisex-Black-IM5521-i.270510657.41615246696?extraParams=%7B%22display_model_id%22%3A306260178459%2C%22model_selection_logic%22%3A3%7D","https://down-id.img.susercontent.com/file/sg-11134201-824j7-mdwp4y3mo35y4f","adidas Lifestyle 4ATHLTS Duffel Bag Medium Unisex Black IM5521","750.000","4.8","31 terjual","",""
"https://shopee.co.id/adidas-Lifestyle-LINEAR-BASEBALL-CAP-Unisex-White-KE8256-i.270510657.49350458480?extraParams=%7B%22display_model_id%22%3A425040235401%2C%22model_selection_logic%22%3A3%7D","https://down-id.img.susercontent.com/file/sg-11134201-81zw2-mmjcndnumadrdb","adidas Lifestyle LINEAR BASEBALL CAP Unisex White KE8256","430.000","4.8","11 terjual","",""
"https://shopee.co.id/adidas-Lifestyle-Backpack-With-Pencil-Case-Unisex-Blue-KE0140-i.270510657.28193718693?extraParams=%7B%22display_model_id%22%3A405228058681%2C%22model_selection_logic%22%3A3%7D","https://down-id.img.susercontent.com/file/sg-11134201-82278-mhomho06n6rmc2","adidas Lifestyle Backpack With Pencil Case Unisex Blue KE0140","600.000","5.0","8 terjual","",""
"https://shopee.co.id/adidas-Lifestyle-Logo-Backpack-Kids-Unisex-Black-JD1303-i.270510657.41704448797?extraParams=%7B%22display_model_id%22%3A275376397368%2C%22model_selection_logic%22%3A3%7D","https://down-id.img.susercontent.com/file/sg-11134201-7rdyi-mda5nxq731hwf6","adidas Lifestyle Logo Backpack Kids Unisex Black JD1303","400.000","4.9","235 terjual","",""
"https://shopee.co.id/adidas-Lifestyle-Classic-Daily-Backpack-Unisex-Grey-IS7066-i.270510657.28140994469?extraParams=%7B%22display_model_id%22%3A281406039427%2C%22model_selection_logic%22%3A3%7D","https://down-id.img.susercontent.com/file/sg-11134201-824g9-me4z5nv6x9fn19","adidas Lifestyle Classic Daily Backpack Unisex Grey IS7066","350.000","5.0","89 terjual","",""
"https://shopee.co.id/adidas-Golf-Golf-Ankle-Socks-3-Pairs-Men-White-HS5572-i.270510657.29018092708?extraParams=%7B%22display_model_id%22%3A187989544024%2C%22model_selection_logic%22%3A3%7D","https://down-id.img.susercontent.com/file/id-11134207-822wl-mmr15dupcohvfc","adidas Golf Golf Ankle Socks 3 Pairs Men White HS5572","210.000","5.0","Pilih 2, diskon 15%","-30%","114 terjual"
"https://shopee.co.id/adidas-Lifestyle-Classic-3-Bar-Logo-Backpack-Unisex-Blue-KE5642-i.270510657.40575396102?extraParams=%7B%22display_model_id%22%3A282058919289%2C%22model_selection_logic%22%3A3%7D","https://down-id.img.susercontent.com/file/sg-11134201-82598-mg4d3mith1qh0c","adidas Lifestyle Classic 3 Bar Logo Backpack Unisex Blue KE5642","450.000","5.0","10 terjual","",""
"https://shopee.co.id/adidas-Lifestyle-Flower-Shopper-Bag-Women-White-IT7377-i.270510657.40301200606?extraParams=%7B%22display_model_id%22%3A280095762063%2C%22model_selection_logic%22%3A3%7D","https://down-id.img.susercontent.com/file/sg-11134201-7rdxq-mcmdrw7s1og0f6","adidas Lifestyle Flower Shopper Bag Women White IT7377","700.000","4.0","27 terjual","",""
"https://shopee.co.id/adidas-Lifestyle-adidas-Linear-Essentials-Backpack-Women-Black-JN4344-i.270510657.27390504541?extraParams=%7B%22display_model_id%22%3A276260581798%2C%22model_selection_logic%22%3A3%7D","https://down-id.img.susercontent.com/file/sg-11134201-824ho-mdwqv2qk426857","adidas Lifestyle adidas Linear Essentials Backpack Women Black JN4344","600.000","5.0","6 terjual","",""
"https://shopee.co.id/adidas-Lifestyle-Trefoil-Cushion-Crew-Socks-3-Pairs-Unisex-White-IJ5616-i.270510657.29468087445?extraParams=%7B%22display_model_id%22%3A178549399854%2C%22model_selection_logic%22%3A3%7D","https://down-id.img.susercontent.com/file/sg-11134201-7ratj-mb6fb7nowc521a","adidas Lifestyle Trefoil Cushion Crew Socks 3 Pairs Unisex White IJ5616","300.000","5.0","151 terjual","",""
"https://shopee.co.id/adidas-Lifestyle-ADIDAS-DISNEY-MINNIE-MOUSE-COOLER-BAG-Unisex-Purple-KD0401-i.270510657.47150467893?extraParams=%7B%22display_model_id%22%3A400040048624%2C%22model_selection_logic%22%3A3%7D","https://down-id.img.susercontent.com/file/sg-11134201-825ae-mgfr7r3ael1m4e","adidas Lifestyle ADIDAS DISNEY MINNIE MOUSE COOLER BAG Unisex Purple KD0401","320.000","4.8","Pilih 2, diskon 15%","-20%","38 terjual"
"https://shopee.co.id/adidas-Running-Running-Belt-Bag-Unisex-Black-IT2042-i.270510657.40022770404?extraParams=%7B%22display_model_id%22%3A281846680695%2C%22model_selection_logic%22%3A3%7D","https://down-id.img.susercontent.com/file/sg-11134201-824i4-mfdex744muiz9e","adidas Running Running Belt Bag Unisex Black IT2042","450.000","4.9","52 terjual","",""
"https://shopee.co.id/adidas-Lifestyle-4ATHLTS-Duffel-Bag-Medium-Unisex-Blue-IZ1917-i.270510657.24546603996?extraParams=%7B%22display_model_id%22%3A271260152281%2C%22model_selection_logic%22%3A3%7D","https://down-id.img.susercontent.com/file/sg-11134201-824i5-mdwp1eaon1mp02","adidas Lifestyle 4ATHLTS Duffel Bag Medium Unisex Blue IZ1917","750.000","5.0","4 terjual","",""