"contents href","_image_yazkc_11 src","whitespace-normal","font-medium 2","inline-block","truncate","h-4","truncate 2"
"https://shopee.co.id/adidas-Football-adidas-Football-Official-Manchester-United-Fan-Jersey-Men-Red-KR2562-i.270510657.54351363532?extraParams=%7B%22display_model_id%22%3A350124910366%2C%22model_selection_logic%22%3A3%7D","https://down-id.img.susercontent.com/file/sg-11134201-821dt-mh173ku78yko4e","adidas Football adidas Football Official Manchester United Fan Jersey Men Red KR2562","350.000","4.9","1RB+ terjual","",""
"https://shopee.co.id/adidas-Football-Manchester-United-25-26-Home-Jersey-Men-Red-JI7428-i.270510657.53802871790?extraParams=%7B%22display_model_id%22%3A375276703426%2C%22model_selection_logic%22%3A3%7D","https://down-id.img.susercontent.com/file/sg-11134201-822yk-mi2tyyh6nim88b","adidas Football Manchester United 25/26 Home Jersey Men Red JI7428","960.000","5.0","Pilih 2, diskon 15%","-20%","388 terjual"
"https://shopee.co.id/adidas-Football-adidas-Football-Official-Manchester-United-FC-Youth-Fan-Jersey-Unisex-Red-KR2572-i.270510657.50404164447?extraParams=%7B%22display_model_id%22%3A360396285585%2C%22model_selection_logic%22%3A3%7D","https://down-id.img.susercontent.com/file/sg-11134201-82601-mj54d8hg8w0678","adidas Football adidas Football Official Manchester United FC Youth Fan Jersey Unisex Red KR2572","300.000","4.9","114 terjual","",""
"https://shopee.co.id/adidas-Football-Real-Madrid-25-26-Home-Jersey-Men-White-JJ1931-i.270510657.46852896233?extraParams=%7B%22display_model_id%22%3A282243090873%2C%22model_selection_logic%22%3A3%7D","https://down-id.img.susercontent.com/file/sg-11134201-822xj-mi2u0i8bdurs3b","adidas Football Real Madrid 25/26 Home Jersey Men White JJ1931","960.000","4.9","Pilih 2, diskon 15%","-20%","95 terjual"
"https://shopee.co.id/adidas-Football-FIFA-World-Cup-26%E2%84%A2-Trionda-Mini-Ball-Unisex-White-JD8034-i.270510657.27542542962?extraParams=%7B%22display_model_id%22%3A281845858921%2C%22model_selection_logic%22%3A3%7D","https://down-id.img.susercontent.com/file/sg-11134201-8258x-mgeenbb0zua438","adidas Football FIFA World Cup 26™ Trionda Mini Ball Unisex White JD8034","250.000","4.9","56 terjual","",""
"https://shopee.co.id/adidas-Football-Manchester-United-25-26-Away-Jersey-Men-White-JI7423-i.270510657.46452882527?extraParams=%7B%22display_model_id%22%3A390276710666%2C%22model_selection_logic%22%3A3%7D","https://down-id.img.susercontent.com/file/sg-11134201-822wx-mi2u04qqysque3","adidas Football Manchester United 25/26 Away Jersey Men White JI7423","960.000","5.0","Pilih 2, diskon 15%","-20%","69 terjual"
"https://shopee.co.id/adidas-Football-F50-League-Firm-Multi-Ground-Boots-Unisex-Orange-JI0004-i.270510657.24196804343?extraParams=%7B%22display_model_id%22%3A109558441159%2C%22model_selection_logic%22%3A3%7D","https://down-id.img.susercontent.com/file/sg-11134201-824j7-me84d5rg4d8l57","adidas Football F50 League Firm/Multi-Ground Boots Unisex Orange JI0004","910.000","5.0","Pilih 2, diskon 15%","-35%","53 terjual"
"https://shopee.co.id/adidas-Football-Predator-Club-Firm-Multi-Ground-Boots-Kids-Unisex-Orange-JH8867-i.270510657.41767413047?extraParams=%7B%22display_model_id%22%3A261435366130%2C%22model_selection_logic%22%3A3%7D","https://down-id.img.susercontent.com/file/sg-11134201-824g3-me84f4hhvhmvf6","adidas Football Predator Club Firm/Multi-Ground Boots Kids Unisex Orange JH8867","422.500","5.0","Pilih 2, diskon 15%","-35%","8 terjual"
"https://shopee.co.id/adidas-Football-Liverpool-FC-25-26-Home-Jersey-Men-Red-JV6423-i.270510657.40977129503?extraParams=%7B%22display_model_id%22%3A405276711500%2C%22model_selection_logic%22%3A3%7D","https://down-id.img.susercontent.com/file/sg-11134201-822xl-mi2u10of1blt78","adidas Football Liverpool FC 25/26 Home Jersey Men Red JV6423","960.000","5.0","Pilih 2, diskon 15%","-20%","39 terjual"
"https://shopee.co.id/adidas-Football-Real-Madrid-25-26-Away-Jersey-Men-Blue-JJ4182-i.270510657.45252882502?extraParams=%7B%22display_model_id%22%3A410276706802%2C%22model_selection_logic%22%3A3%7D","https://down-id.img.susercontent.com/file/sg-11134201-822wq-mi2tzotutywz9c","adidas Football Real Madrid 25/26 Away Jersey Men Blue JJ4182","960.000","5.0","Pilih 2, diskon 15%","-20%","20 terjual"
"https://shopee.co.id/adidas-Football-F50-Club-Firm-Multi-Ground-Boots-Unisex-Purple-JI0043-i.270510657.43315252681?extraParams=%7B%22display_model_id%22%3A281260582038%2C%22model_selection_logic%22%3A3%7D","https://down-id.img.susercontent.com/file/sg-11134201-824g9-mdwqvdi2f01x6b","adidas Football F50 Club Firm/Multi-Ground Boots Unisex Purple JI0043","810.000","5.0","Pilih 2, diskon 15%","-10%","91 terjual"
"https://shopee.co.id/adidas-Football-Predator-League-Firm-Multi-Ground-Boots-Unisex-White-JI1117-i.270510657.41015251791?extraParams=%7B%22display_model_id%22%3A271260347805%2C%22model_selection_logic%22%3A3%7D","https://down-id.img.susercontent.com/file/sg-11134201-824hz-mdwpsgp70v0j7a","adidas Football Predator League Firm/Multi-Ground Boots Unisex White JI1117","1.260.000","5.0","Pilih 2, diskon 15%","-10%","44 terjual"
"https://shopee.co.id/adidas-Football-F50-League-Firm-Multi-Ground-Boots-Kids-Unisex-White-JH7745-i.270510657.26790504426?extraParams=%7B%22display_model_id%22%3A291260470514%2C%22model_selection_logic%22%3A3%7D","https://down-id.img.susercontent.com/file/sg-11134201-824j7-mdwqbd2b7cw20c","adidas Football F50 League Firm/Multi-Ground Boots Kids Unisex White JH7745","570.000","5.0","Pilih 2, diskon 15%","-40%","134 terjual"
"https://shopee.co.id/adidas-Football-Liverpool-FC-25-26-Away-Jersey-Men-White-JV6487-i.270510657.55702875869?extraParams=%7B%22display_model_id%22%3A380276702153%2C%22model_selection_logic%22%3A3%7D","https://down-id.img.susercontent.com/file/sg-11134201-822wy-mi2txx9ysw7599","adidas Football Liverpool FC 25/26 Away Jersey Men White JV6487","960.000","5.0","Pilih 2, diskon 15%","-20%","32 terjual"
"https://shopee.co.id/adidas-Football-Arsenal-25-26-Home-Jersey-Unisex-Red-JI9533-i.270510657.54002862333?extraParams=%7B%22display_model_id%22%3A272243073925%2C%22model_selection_logic%22%3A3%7D","https://down-id.img.susercontent.com/file/sg-11134201-822x5-mi2txw74axhgbb","adidas Football Arsenal 25/26 Home Jersey Unisex Red JI9533","760.000","5.0","Pilih 2, diskon 15%","-20%","12 terjual"
"https://shopee.co.id/adidas-Football-Real-Madrid-24-25-Away-Jersey-Men-Orange-IU5013-i.270510657.40150805477?extraParams=%7B%22display_model_id%22%3A208517495934%2C%22model_selection_logic%22%3A3%7D","https://down-id.img.susercontent.com/file/id-11134201-7rbk2-maupva77135038","adidas Football Real Madrid 24/25 Away Jersey Men Orange IU5013","780.000","5.0","Pilih 2, diskon 15%","-35%","247 terjual"
"https://shopee.co.id/adidas-Football-Real-Madrid-25-26-Home-Shorts-Unisex-White-JN8878-i.270510657.40115251965?extraParams=%7B%22display_model_id%22%3A276260401923%2C%22model_selection_logic%22%3A3%7D","https://down-id.img.susercontent.com/file/sg-11134201-824j4-mdwq0fqbrf2985","adidas Football Real Madrid 25/26 Home Shorts Unisex White JN8878","440.000","5.0","Pilih 2, diskon 15%","-20%","16 terjual"
"https://shopee.co.id/adidas-Football-Universadi-Ball-Unisex-White-IW3729-i.270510657.40865243247?extraParams=%7B%22display_model_id%22%3A291260078314%2C%22model_selection_logic%22%3A3%7D","https://down-id.img.susercontent.com/file/sg-11134201-82625-mmid8q8agufcc9","adidas Football Universadi Ball Unisex White IW3729","200.000","5.0","28 terjual","",""
"https://shopee.co.id/adidas-Football-Real-Madrid-24-25-Away-Authentic-Jersey-Men-Orange-IZ1642-i.270510657.40700789942?extraParams=%7B%22display_model_id%22%3A285062893498%2C%22model_selection_logic%22%3A3%7D","https://down-id.img.susercontent.com/file/id-11134201-7rbk7-maupr9i360im83","adidas Football Real Madrid 24/25 Away Authentic Jersey Men Orange IZ1642","1.000.000","4.9","Pilih 2, diskon 15%","-50%","56 terjual"
"https://shopee.co.id/adidas-Football-Copa-Pure-3-League-Firm-Multi-Ground-Boots-Kids-Unisex-White-JR2886-i.270510657.41615266417?extraParams=%7B%22display_model_id%22%3A261262025159%2C%22model_selection_logic%22%3A3%7D","https://down-id.img.susercontent.com/file/sg-11134201-824gh-mdwuddoya32c3b","adidas Football Copa Pure 3 League Firm/Multi-Ground Boots Kids Unisex White JR2886","520.000","5.0","Pilih 2, diskon 15%","-35%","19 terjual"
"https://shopee.co.id/adidas-Football-Liverpool-FC-25-26-Third-Jersey-Men-Green-JV6428-i.270510657.45301734528?extraParams=%7B%22display_model_id%22%3A272174392551%2C%22model_selection_logic%22%3A3%7D","https://down-id.img.susercontent.com/file/sg-11134201-821ec-mh8wmc2e0xl433","adidas Football Liverpool FC 25/26 Third Jersey Men Green JV6428","960.000","5.0","Pilih 2, diskon 15%","-20%","20 terjual"
"https://shopee.co.id/adidas-Football-Super-Sala-Competition-3-Indoor-Boots-Unisex-White-JR5399-i.270510657.42565248775?extraParams=%7B%22display_model_id%22%3A276260699449%2C%22model_selection_logic%22%3A3%7D","https://down-id.img.susercontent.com/file/sg-11134201-824h9-mdwrib35qdj4fe","adidas Football Super Sala Competition 3 Indoor Boots Unisex White JR5399","810.000","5.0","Pilih 2, diskon 15%","-10%","9 terjual"
"https://shopee.co.id/adidas-Football-FIFA-World-Cup-26%E2%84%A2-Trionda-Club-Ball-Unisex-White-JD8028-i.270510657.40922720402?extraParams=%7B%22display_model_id%22%3A271845470596%2C%22model_selection_logic%22%3A3%7D","https://down-id.img.susercontent.com/file/sg-11134201-8257t-mg5zva6ko5xm43","adidas Football FIFA World Cup 26™ Trionda Club Ball Unisex White JD8028","350.000","4.9","63 terjual","",""
"https://shopee.co.id/adidas-Football-F50-League-Turf-Boots-Unisex-Orange-JH7723-i.270510657.44067399678?extraParams=%7B%22display_model_id%22%3A243856052862%2C%22model_selection_logic%22%3A3%7D","https://down-id.img.susercontent.com/file/sg-11134201-824i0-me84eaphxy4k3f","adidas Football F50 League Turf Boots Unisex Orange JH7723","910.000","5.0","Pilih 2, diskon 15%","-35%","7 terjual"
"https://shopee.co.id/adidas-Football-Predator-Club-Indoor-Sala-Boots-Unisex-Orange-JH8856-i.270510657.29441100248?extraParams=%7B%22display_model_id%22%3A291434936688%2C%22model_selection_logic%22%3A3%7D","https://down-id.img.susercontent.com/file/sg-11134201-824j3-me84eqkq2eiocf","adidas Football Predator Club Indoor Sala Boots Unisex Orange JH8856","585.000","5.0","Pilih 2, diskon 15%","-35%","6 terjual"
"https://shopee.co.id/adidas-Football-Copa-Pure-3-Club-Firm-Multi-Ground-Boots-Unisex-Black-JR2896-i.270510657.41215252041?extraParams=%7B%22display_model_id%22%3A159263839989%2C%22model_selection_logic%22%3A3%7D","https://down-id.img.susercontent.com/file/sg-11134201-824hn-mdwq1hg5d1xgb7","adidas Football Copa Pure 3 Club Firm/Multi-Ground Boots Unisex Black JR2896","720.000","4.8","Pilih 2, diskon 15%","-10%","72 terjual"
"https://shopee.co.id/adidas-Football-F50-League-Firm-Multi-Ground-Boots-Unisex-Purple-JI0003-i.270510657.40765252314?extraParams=%7B%22display_model_id%22%3A271260424520%2C%22model_selection_logic%22%3A3%7D","https://down-id.img.susercontent.com/file/sg-11134201-824ia-mdwq5bah70n804","adidas Football F50 League Firm/Multi-Ground Boots Unisex Purple JI0003","1.260.000","5.0","Pilih 2, diskon 15%","-10%","148 terjual"
"https://shopee.co.id/adidas-Football-Squadra-25-Jersey-Men-Black-JG5832-i.270510657.40651183267?extraParams=%7B%22display_model_id%22%3A280094964637%2C%22model_selection_logic%22%3A3%7D","https://down-id.img.susercontent.com/file/id-11134201-7rbk5-mauprjtboqftf6","adidas Football Squadra 25 Jersey Men Black JG5832","350.000","5.0","156 terjual","",""
"https://shopee.co.id/adidas-Football-Squadra-25-Shorts-Men-Black-JH3402-i.270510657.42651197376?extraParams=%7B%22display_model_id%22%3A295096260760%2C%22model_selection_logic%22%3A3%7D","https://down-id.img.susercontent.com/file/id-11134201-7rbke-maupa25l47qc5f","adidas Football Squadra 25 Shorts Men Black JH3402","350.000","5.0","6 terjual","",""
"https://shopee.co.id/adidas-Football-Samba-Indoor-Football-Shoes-Unisex-Black-IH6000-i.270510657.26518092748?extraParams=%7B%22display_model_id%22%3A129144725576%2C%22model_selection_logic%22%3A3%7D","https://down-id.img.susercontent.com/file/id-11134201-7rbk7-maur9cezqpx0a2","adidas Football Samba Indoor Football Shoes Unisex Black IH6000","1.710.000","4.9","Pilih 2, diskon 15%","-10%","290 terjual"
"https://shopee.co.id/adidas-Football-Manchester-United-25-26-Home-Jersey-Unisex-Red-JP3013-i.270510657.52002871759?extraParams=%7B%22display_model_id%22%3A390276705346%2C%22model_selection_logic%22%3A3%7D","https://down-id.img.susercontent.com/file/sg-11134201-822xl-mi2tyc8s9urmd8","adidas Football Manchester United 25/26 Home Jersey Unisex Red JP3013","760.000","5.0","Pilih 2, diskon 15%","-20%","6 terjual"
"https://shopee.co.id/adidas-Football-Predator-League-Fold-Over-Tongue-Firm-Multi-Ground-Boots-Unisex-Orange-JI1112-i.270510657.43767399731?extraParams=%7B%22display_model_id%22%3A261435344339%2C%22model_selection_logic%22%3A3%7D","https://down-id.img.susercontent.com/file/sg-11134201-824gj-me84e3wxqtc307","adidas Football Predator League Fold-Over Tongue Firm/Multi-Ground Boots Unisex Orange JI1112","1.500.000","4.9","38 terjual","",""
"https://shopee.co.id/adidas-Football-FIFA-World-Cup-26%E2%84%A2-Trionda-Training-Ball-Unisex-White-JD8032-i.270510657.42322720696?extraParams=%7B%22display_model_id%22%3A291845459840%2C%22model_selection_logic%22%3A3%7D","https://down-id.img.susercontent.com/file/sg-11134201-825b1-mg5tzpfhiuix8a","adidas Football FIFA World Cup 26™ Trionda Training Ball Unisex White JD8032","400.000","5.0","99 terjual","",""
"https://shopee.co.id/adidas-Football-Arsenal-25-26-Home-Shorts-Unisex-White-JI9528-i.270510657.43265252580?extraParams=%7B%22display_model_id%22%3A296260489235%2C%22model_selection_logic%22%3A3%7D","https://down-id.img.susercontent.com/file/sg-11134201-824jk-mdwqfb85hb7q59","adidas Football Arsenal 25/26 Home Shorts Unisex White JI9528","440.000","4.9 Penilaian Toko","Pilih 2, diskon 15%","-20%",""
"https://shopee.co.id/adidas-Football-Manchester-United-25-26-Home-Shorts-Men-White-JI7430-i.270510657.41565262411?extraParams=%7B%22display_model_id%22%3A253800494645%2C%22model_selection_logic%22%3A3%7D","https://down-id.img.susercontent.com/file/sg-11134201-824hs-mdwtfvvpdpmq3a","adidas Football Manchester United 25/26 Home Shorts Men White JI7430","480.000","4.4","Pilih 2, diskon 15%","-20%","13 terjual"
"https://shopee.co.id/adidas-Football-Predator-Club-Indoor-Sala-Boots-Unisex-White-JH8855-i.270510657.43865239610?extraParams=%7B%22display_model_id%22%3A128399327462%2C%22model_selection_logic%22%3A3%7D","https://down-id.img.susercontent.com/file/sg-11134201-824i0-mdwq935q9vyaae","adidas Football Predator Club Indoor Sala Boots Unisex White JH8855","810.000","4.9 Penilaian Toko","Pilih 2, diskon 15%","-10%",""
"https://shopee.co.id/adidas-Football-Manchester-United-25-26-Home-Shorts-Unisex-White-JP3017-i.270510657.41315248786?extraParams=%7B%22display_model_id%22%3A266261254066%2C%22model_selection_logic%22%3A3%7D","https://down-id.img.susercontent.com/file/sg-11134201-824h6-mdwrmydnkiyp6b","adidas Football Manchester United 25/26 Home Shorts Unisex White JP3017","440.000","5.0","Pilih 2, diskon 15%","-20%","4 terjual"
"https://shopee.co.id/adidas-Football-Entrada-22-Jersey-Men-Black-HE1573-i.270510657.28018088180?extraParams=%7B%22display_model_id%22%3A233481625500%2C%22model_selection_logic%22%3A3%7D","https://down-id.img.susercontent.com/file/id-11134201-7rbk6-mauqt7xr7au1de","adidas Football Entrada 22 Jersey Men Black HE1573","227.500","4.9","Pilih 2, diskon 15%","-35%","141 terjual"
"https://shopee.co.id/adidas-Football-Predator-League-Fold-Over-Tongue-Firm-Multi-Ground-Boots-Unisex-White-JI1111-i.270510657.42915261343?extraParams=%7B%22display_model_id%22%3A261261421662%2C%22model_selection_logic%22%3A3%7D","https://down-id.img.susercontent.com/file/sg-11134201-824jk-mdwse8qzmzgjc9","adidas Football Predator League Fold-Over Tongue Firm/Multi-Ground Boots Unisex White JI1111","1.350.000","4.9","Pilih 2, diskon 15%","-10%","92 terjual"
"https://shopee.co.id/adidas-Football-Deportivo-III-Flexible-Ground-Boots-Kids-Men-Black-IF1407-i.270510657.26740989496?extraParams=%7B%22display_model_id%22%3A296406097257%2C%22model_selection_logic%22%3A3%7D","https://down-id.img.susercontent.com/file/sg-11134201-824iv-me4zgk185rsw01","adidas Football Deportivo III Flexible Ground Boots Kids Men Black IF1407","550.000","5.0","37 terjual","",""
"https://shopee.co.id/adidas-Football-Copa-Pure-3-League-Firm-Multi-Ground-Boots-Unisex-Black-JH6298-i.270510657.43365255091?extraParams=%7B%22display_model_id%22%3A216226948779%2C%22model_selection_logic%22%3A3%7D","https://down-id.img.susercontent.com/file/sg-11134201-824ih-mdwqwc415qtc12","adidas Football Copa Pure 3 League Firm/Multi-Ground Boots Unisex Black JH6298","1.080.000","4.6","Pilih 2, diskon 15%","-10%","33 terjual"
"https://shopee.co.id/adidas-Football-F50-Messi-League-Firm-Multi-Ground-Boots-Unisex-White-JP7446-i.270510657.41165255339?extraParams=%7B%22display_model_id%22%3A261261161908%2C%22model_selection_logic%22%3A3%7D","https://down-id.img.susercontent.com/file/sg-11134201-824hq-mdwr4e6e7qiu91","adidas Football F50 Messi League Firm/Multi-Ground Boots Unisex White JP7446","840.000","5.0","Pilih 2, diskon 15%","-40%","40 terjual"
"https://shopee.co.id/adidas-Football-STARLANCER-CLUB-BALL-Unisex-Black-JW1357-i.270510657.49502572852?extraParams=%7B%22display_model_id%22%3A262226031498%2C%22model_selection_logic%22%3A3%7D","https://down-id.img.susercontent.com/file/sg-11134201-8224u-mhtq40ncyrk2ac","adidas Football STARLANCER CLUB BALL Unisex Black JW1357","300.000","5.0","11 terjual","",""
"https://shopee.co.id/adidas-Football-F50-League-Turf-Boots-Kids-Unisex-Purple-JI0000-i.270510657.44065308431?extraParams=%7B%22display_model_id%22%3A281265071815%2C%22model_selection_logic%22%3A3%7D","https://down-id.img.susercontent.com/file/sg-11134201-824h1-mdx4j9krmdc4be","adidas Football F50 League Turf Boots Kids Unisex Purple JI0000","950.000","4.9 Penilaian Toko","","",""
"https://shopee.co.id/adidas-Football-Squadra-25-Jersey-Men-Blue-JG5826-i.270510657.42351187813?extraParams=%7B%22display_model_id%22%3A260095595827%2C%22model_selection_logic%22%3A3%7D","https://down-id.img.susercontent.com/file/id-11134201-7rbkb-maupcpuv9g38ab","adidas Football Squadra 25 Jersey Men Blue JG5826","350.000","4.8","50 terjual","",""
"https://shopee.co.id/adidas-Football-Trionda-Argentina-Home-Club-Ball-Unisex-White-JY0304-i.270510657.49500532823?extraParams=%7B%22display_model_id%22%3A330046670329%2C%22model_selection_logic%22%3A3%7D","https://down-id.img.susercontent.com/file/sg-11134201-821g1-mggdznfszy8e01","adidas Football Trionda Argentina Home Club Ball Unisex White JY0304","350.000","5.0","5 terjual","",""
"https://shopee.co.id/adidas-Football-F50-League-Firm-Multi-Ground-Boots-Unisex-Black-JI0007-i.270510657.42515262226?extraParams=%7B%22display_model_id%22%3A261261691777%2C%22model_selection_logic%22%3A3%7D","https://down-id.img.susercontent.com/file/sg-11134201-824jl-mdwtc10m2zuufb","adidas Football F50 League Firm/Multi-Ground Boots Unisex Black JI0007","1.400.000","5.0","17 terjual","",""
"https://shopee.co.id/adidas-Football-Super-Sala-Competition-III-Indoor-Boots-Unisex-Green-IH7687-i.270510657.24545238240?extraParams=%7B%22display_model_id%22%3A243428455259%2C%22model_selection_logic%22%3A3%7D","https://down-id.img.susercontent.com/file/id-11134201-7rbk1-maurl6t5rm3d81","adidas Football Super Sala Competition III Indoor Boots Unisex Green IH7687","900.000","5.0","Pilih 2, diskon 15%","","80 terjual"
"https://shopee.co.id/adidas-Football-Deportivo-III-Turf-Boots-Men-Purple-JS0193-i.270510657.43215257457?extraParams=%7B%22display_model_id%22%3A261261784227%2C%22model_selection_logic%22%3A3%7D","https://down-id.img.susercontent.com/file/sg-11134201-824h7-mdwtpb4eja4le9","adidas Football Deportivo III Turf Boots Men Purple JS0193","700.000","4.9","76 terjual","",""
"https://shopee.co.id/adidas-Football-Germany-26-Home-Socks-Unisex-White-JN2079-i.270510657.44426572106?extraParams=%7B%22display_model_id%22%3A340158378931%2C%22model_selection_logic%22%3A3%7D","https://down-id.img.susercontent.com/file/sg-11134201-821f1-mh8wnc8n8cgf16","adidas Football Germany 26 Home Socks Unisex White JN2079","280.000","5.0","21 terjual","",""
"https://shopee.co.id/adidas-Football-FIFA-World-Cup-26%E2%84%A2-Official-Emblem-Cap-Unisex-White-KE7369-i.270510657.50851430738?extraParams=%7B%22display_model_id%22%3A302158643748%2C%22model_selection_logic%22%3A3%7D","https://down-id.img.susercontent.com/file/sg-11134201-821e9-mhbfret2zvgod8","adidas Football FIFA World Cup 26™ Official Emblem Cap Unisex White KE7369","350.000","5.0","8 terjual","",""
"https://shopee.co.id/adidas-Football-Liverpool-FC-25-26-Away-Jersey-Unisex-White-JV6453-i.270510657.44077132268?extraParams=%7B%22display_model_id%22%3A320276706652%2C%22model_selection_logic%22%3A3%7D","https://down-id.img.susercontent.com/file/sg-11134201-822ww-mi2tz6hic7pi76","adidas Football Liverpool FC 25/26 Away Jersey Unisex White JV6453","760.000","4.9 Penilaian Toko","Pilih 2, diskon 15%","-20%",""
"https://shopee.co.id/adidas-Football-Arsenal-25-26-Home-Socks-Unisex-Red-JJ1917-i.270510657.40565239967?extraParams=%7B%22display_model_id%22%3A281260490235%2C%22model_selection_logic%22%3A3%7D","https://down-id.img.susercontent.com/file/sg-11134201-824j3-mdwqem6ekc1v1f","adidas Football Arsenal 25/26 Home Socks Unisex Red JJ1917","182.000","5.0","Pilih 2, diskon 15%","-35%","16 terjual"
"https://shopee.co.id/adidas-Football-Juventus-25-26-Home-Jersey-Men-White-JJ4320-i.270510657.44177141363?extraParams=%7B%22display_model_id%22%3A370276704244%2C%22model_selection_logic%22%3A3%7D","https://down-id.img.susercontent.com/file/sg-11134201-822zz-mi2tzl9x3fuob0","adidas Football Juventus 25/26 Home Jersey Men White JJ4320","960.000","5.0","Pilih 2, diskon 15%","-20%","9 terjual"
"https://shopee.co.id/adidas-Football-F50-League-Indoor-Boots-Unisex-Orange-JH7718-i.270510657.27441096693?extraParams=%7B%22display_model_id%22%3A138408390452%2C%22model_selection_logic%22%3A3%7D","https://down-id.img.susercontent.com/file/sg-11134201-824he-me84edtbzfgn6a","adidas Football F50 League Indoor Boots Unisex Orange JH7718","910.000","5.0","Pilih 2, diskon 15%","-35%","30 terjual"
"https://shopee.co.id/adidas-Football-FIFA-World-Cup-26%E2%84%A2-Trionda-Club-Ball-Unisex-Pink-JD8029-i.270510657.42225605337?extraParams=%7B%22display_model_id%22%3A267074613894%2C%22model_selection_logic%22%3A3%7D","https://down-id.img.susercontent.com/file/sg-11134201-825bc-mg5tg50laia62c","adidas Football FIFA World Cup 26™ Trionda Club Ball Unisex Pink JD8029","350.000","5.0","10 terjual","",""
"https://shopee.co.id/adidas-Football-FIFA-World-Cup-26%E2%84%A2-League-Ball-Unisex-White-JD8045-i.270510657.44272801788?extraParams=%7B%22display_model_id%22%3A234554787711%2C%22model_selection_logic%22%3A3%7D","https://down-id.img.susercontent.com/file/sg-11134201-825ar-mg8ok7ufnr4bb6","adidas Football FIFA World Cup 26™ League Ball Unisex White JD8045","550.000","5.0","38 terjual","",""
"https://shopee.co.id/adidas-Football-Predator-League-Firm-Multi-Ground-Boots-Unisex-Orange-JI1115-i.270510657.44167407998?extraParams=%7B%22display_model_id%22%3A281434935929%2C%22model_selection_logic%22%3A3%7D","https://down-id.img.susercontent.com/file/sg-11134201-824gx-me84e4sfqk8zb9","adidas Football Predator League Firm/Multi-Ground Boots Unisex Orange JI1115","1.400.000","5.0","92 terjual","",""
"https://shopee.co.id/adidas-Football-F50-Club-Indoor-Boots-Unisex-Purple-JI0023-i.270510657.42965252493?extraParams=%7B%22display_model_id%22%3A261261021615%2C%22model_selection_logic%22%3A3%7D","https://down-id.img.susercontent.com/file/sg-11134201-824gk-mdwqf3ox6z2e3c","adidas Football F50 Club Indoor Boots Unisex Purple JI0023","900.000","5.0","10 terjual","",""
"https://shopee.co.id/adidas-Football-FIFA-World-Cup-26%E2%84%A2-Trionda-Club-Ball-Unisex-Blue-JD8027-i.270510657.40925605388?extraParams=%7B%22display_model_id%22%3A234594482663%2C%22model_selection_logic%22%3A3%7D","https://down-id.img.susercontent.com/file/sg-11134201-8259r-mg5wli6nsjd645","adidas Football FIFA World Cup 26™ Trionda Club Ball Unisex Blue JD8027","350.000","4.9","21 terjual","",""
"https://shopee.co.id/adidas-Football-TOP-SALA-COMPETITION-II-Indoor-Football-Shoes-Unisex-White-JP6980-i.270510657.46001734443?extraParams=%7B%22display_model_id%22%3A262174616360%2C%22model_selection_logic%22%3A3%7D","https://down-id.img.susercontent.com/file/sg-11134201-82274-mhgw6jwbyyv880","adidas Football TOP SALA COMPETITION II Indoor Football Shoes Unisex White JP6980","1.080.000","5.0","Pilih 2, diskon 15%","-10%","5 terjual"
"https://shopee.co.id/adidas-Football-Tiro26-League-Training-Pants-Regular-Men-Blue-JY7229-i.270510657.42425392712?extraParams=%7B%22display_model_id%22%3A302058840104%2C%22model_selection_logic%22%3A3%7D","https://down-id.img.susercontent.com/file/sg-11134201-8259i-mg4caq3xfrwsf9","adidas Football Tiro26 League Training Pants Regular Men Blue JY7229","520.000","5.0","Pilih 2, diskon 15%","-35%","6 terjual"
"https://shopee.co.id/adidas-Football-Predator-League-Fold-Over-Tongue-Firm-Multi-Ground-Boots-Unisex-Black-JI1110-i.270510657.42865255828?extraParams=%7B%22display_model_id%22%3A266261273335%2C%22model_selection_logic%22%3A3%7D","https://down-id.img.susercontent.com/file/sg-11134201-824is-mdwrqg34xuddee","adidas Football Predator League Fold-Over Tongue Firm/Multi-Ground Boots Unisex Black JI1110","1.500.000","5.0","4 terjual","",""
"https://shopee.co.id/adidas-Football-Squadra-25-Shorts-Men-Blue-JH3405-i.270510657.27436680618?extraParams=%7B%22display_model_id%22%3A290096330122%2C%22model_selection_logic%22%3A3%7D","https://down-id.img.susercontent.com/file/id-11134201-7rbk0-mauqz8f6eme114","adidas Football Squadra 25 Shorts Men Blue JH3405","350.000","5.0","14 terjual","",""
"https://shopee.co.id/adidas-Football-Manchester-United-25-26-Away-Jersey-Unisex-White-JP3030-i.270510657.42315296230?extraParams=%7B%22display_model_id%22%3A206227357141%2C%22model_selection_logic%22%3A3%7D","https://down-id.img.susercontent.com/file/sg-11134201-824i1-mdx11ll588w05c","adidas Football Manchester United 25/26 Away Jersey Unisex White JP3030","760.000","5.0","Pilih 2, diskon 15%","-20%","6 terjual"
"https://shopee.co.id/adidas-Football-Japan-26-Home-Jersey-Men-Blue-KD3345-i.270510657.40727137142?extraParams=%7B%22display_model_id%22%3A307243084298%2C%22model_selection_logic%22%3A3%7D","https://down-id.img.susercontent.com/file/id-11134207-822wn-mnzjcz60b6yt10","adidas Football Japan 26 Home Jersey Men Blue KD3345","1.200.000","4.4","Hadiah Gratis","","30 terjual"
"https://shopee.co.id/adidas-Football-Tiro-24-Slim-Training-Pants-Men-Blue-IR9344-i.270510657.44367023396?extraParams=%7B%22display_model_id%22%3A301406018211%2C%22model_selection_logic%22%3A3%7D","https://down-id.img.susercontent.com/file/sg-11134201-8261h-mkh816na65mvda","adidas Football Tiro 24 Slim Training Pants Men Blue IR9344","520.000","5.0","Pilih 2, diskon 15%","-35%","14 terjual"
"https://shopee.co.id/adidas-Football-Predator-League-Indoor-Boots-Unisex-White-JI1142-i.270510657.43365239709?extraParams=%7B%22display_model_id%22%3A291260444584%2C%22model_selection_logic%22%3A3%7D","https://down-id.img.susercontent.com/file/sg-11134201-824ib-mdwq8o9pcpa8de","adidas Football Predator League Indoor Boots Unisex White JI1142","840.000","4.9","Pilih 2, diskon 15%","-40%","35 terjual"
"https://shopee.co.id/adidas-Football-UEFA-CHAMPIONS-LEAGUE-LEAGUE-3RD-BALL-Unisex-White-JY8892-i.270510657.51402616275?extraParams=%7B%22display_model_id%22%3A420252073916%2C%22model_selection_logic%22%3A3%7D","https://down-id.img.susercontent.com/file/sg-11134201-81zwa-mif6xmh3ao7758","adidas Football UEFA CHAMPIONS LEAGUE LEAGUE 3RD BALL Unisex White JY8892","550.000","5.0","6 terjual","",""
"https://shopee.co.id/adidas-Football-Germany-26-Home-Jersey-Men-White-KD8363-i.270510657.47652896264?extraParams=%7B%22display_model_id%22%3A430276708416%2C%22model_selection_logic%22%3A3%7D","https://down-id.img.susercontent.com/file/id-11134207-822wp-mnzjcz609sede2","adidas Football Germany 26 Home Jersey Men White KD8363","1.200.000","4.9","Hadiah Gratis","","35 terjual"
"https://shopee.co.id/adidas-Football-FIFA-World-Cup-26%E2%84%A2-Trionda-Club-Ball-Unisex-Green-JD8052-i.270510657.43225602358?extraParams=%7B%22display_model_id%22%3A129474070784%2C%22model_selection_logic%22%3A3%7D","https://down-id.img.susercontent.com/file/sg-11134201-8258i-mgeebis6n3m0d2","adidas Football FIFA World Cup 26™ Trionda Club Ball Unisex Green JD8052","350.000","5.0","5 terjual","",""
"https://shopee.co.id/adidas-Football-Squadra-25-Jersey-Men-Red-JE2601-i.270510657.44451206967?extraParams=%7B%22display_model_id%22%3A290096253034%2C%22model_selection_logic%22%3A3%7D","https://down-id.img.susercontent.com/file/sg-11134201-821cy-mgzyz0ink2dlbe","adidas Football Squadra 25 Jersey Men Red JE2601","350.000","5.0","28 terjual","",""
"https://shopee.co.id/adidas-Football-Copa-Court-Club-Indoor-Boots-Unisex-Black-JR2892-i.270510657.41365258223?extraParams=%7B%22display_model_id%22%3A234449362000%2C%22model_selection_logic%22%3A3%7D","https://down-id.img.susercontent.com/file/sg-11134201-824ib-mdwuee3dyhvq58","adidas Football Copa Court Club Indoor Boots Unisex Black JR2892","800.000","4.9 Penilaian Toko","","",""
"https://shopee.co.id/adidas-Football-F50-Sparkfusion-League-Firm-Ground-Artificial-Grass-Boots-Kids-Unisex-Purple-JR3959-i.270510657.44015266580?extraParams=%7B%22display_model_id%22%3A301261502761%2C%22model_selection_logic%22%3A3%7D","https://down-id.img.susercontent.com/file/sg-11134201-824gj-mdwuer57sfeu98","adidas Football F50 Sparkfusion League Firm Ground/Artificial Grass Boots Kids Unisex Purple JR3959","617.500","4.6","Pilih 2, diskon 15%","-35%","36 terjual"
"https://shopee.co.id/adidas-Football-Copa-Pure-3-League-Turf-Boots-Unisex-Black-JR2852-i.270510657.42765244620?extraParams=%7B%22display_model_id%22%3A276260467482%2C%22model_selection_logic%22%3A3%7D","https://down-id.img.susercontent.com/file/sg-11134201-824it-mdwqb5xlc2dd2e","adidas Football Copa Pure 3 League Turf Boots Unisex Black JR2852","1.080.000","5.0","Pilih 2, diskon 15%","-10%","1 terjual"
"https://shopee.co.id/adidas-Football-Juventus-25-26-Away-Jersey-Men-Blue-JJ4323-i.270510657.26990515438?extraParams=%7B%22display_model_id%22%3A276260899345%2C%22model_selection_logic%22%3A3%7D","https://down-id.img.susercontent.com/file/sg-11134201-824gy-mdwsfqi6k45gbd","adidas Football Juventus 25/26 Away Jersey Men Blue JJ4323","960.000","5.0","Pilih 2, diskon 15%","-20%","9 terjual"
"https://shopee.co.id/adidas-Football-Predator-League-Indoor-Boots-Unisex-Blue-IF6393-i.270510657.28268088723?extraParams=%7B%22display_model_id%22%3A168549517355%2C%22model_selection_logic%22%3A3%7D","https://down-id.img.susercontent.com/file/id-11134201-7rbk9-mauqqlvkt6y362","adidas Football Predator League Indoor Boots Unisex Blue IF6393","840.000","4.9","Pilih 2, diskon 15%","-40%","211 terjual"
"https://shopee.co.id/adidas-Football-Jude-Bellingham-Tee-Kids-Unisex-Grey-JX3931-i.270510657.43715265194?extraParams=%7B%22display_model_id%22%3A196227005636%2C%22model_selection_logic%22%3A3%7D","https://down-id.img.susercontent.com/file/sg-11134201-824ji-mdwsw5mizi13f7","adidas Football Jude Bellingham Tee Kids Unisex Grey JX3931","380.000","5.0","4 terjual","",""
"https://shopee.co.id/adidas-Football-F50-League-Indoor-Boots-Kids-Unisex-Orange-JH7749-i.270510657.43367408015?extraParams=%7B%22display_model_id%22%3A301434927775%2C%22model_selection_logic%22%3A3%7D","https://down-id.img.susercontent.com/file/sg-11134201-824jj-me84dlwe794zf1","adidas Football F50 League Indoor Boots Kids Unisex Orange JH7749","617.500","4.9","Pilih 2, diskon 15%","-35%","15 terjual"
"https://shopee.co.id/adidas-Football-Liverpool-FC-25-26-Home-Shorts-Men-Red-JV6425-i.270510657.43563645915?extraParams=%7B%22display_model_id%22%3A286128319126%2C%22model_selection_logic%22%3A3%7D","https://down-id.img.susercontent.com/file/sg-11134201-7rdys-mdiabsu0h9at22","adidas Football Liverpool FC 25/26 Home Shorts Men Red JV6425","600.000","5.0","6 terjual","",""
"https://shopee.co.id/adidas-Football-Tiro-24-Jersey-Men-Blue-JE1988-i.270510657.42300789689?extraParams=%7B%22display_model_id%22%3A275062824078%2C%22model_selection_logic%22%3A3%7D","https://down-id.img.susercontent.com/file/id-11134201-7rbk2-maupdha2xsh73f","adidas Football Tiro 24 Jersey Men Blue JE1988","380.000","4.9","43 terjual","",""
"https://shopee.co.id/adidas-Football-Arsenal-25-26-Home-Shorts-Men-White-JI9515-i.270510657.42415249969?extraParams=%7B%22display_model_id%22%3A253800432347%2C%22model_selection_logic%22%3A3%7D","https://down-id.img.susercontent.com/file/sg-11134201-824ix-mdwsnww2kef9a9","adidas Football Arsenal 25/26 Home Shorts Men White JI9515","480.000","5.0","Pilih 2, diskon 15%","-20%","10 terjual"
"https://shopee.co.id/adidas-Football-Tiro-25-Competition-Training-Jersey-Men-Black-JW4360-i.270510657.41665263817?extraParams=%7B%22display_model_id%22%3A306261629843%2C%22model_selection_logic%22%3A3%7D","https://down-id.img.susercontent.com/file/sg-11134201-824il-mdwutdy6znk272","adidas Football Tiro 25 Competition Training Jersey Men Black JW4360","550.000","4.9","41 terjual","",""
"https://shopee.co.id/adidas-Football-Squadra-25-Jersey-Men-White-JG5835-i.270510657.41951187953?extraParams=%7B%22display_model_id%22%3A300094964608%2C%22model_selection_logic%22%3A3%7D","https://down-id.img.susercontent.com/file/id-11134201-7rbkc-maupgg90ee5a75","adidas Football Squadra 25 Jersey Men White JG5835","350.000","5.0","20 terjual","",""
"https://shopee.co.id/adidas-Football-Liverpool-FC-25-26-Third-Jersey-Unisex-Green-JV6468-i.270510657.49501734508?extraParams=%7B%22display_model_id%22%3A410158405113%2C%22model_selection_logic%22%3A3%7D","https://down-id.img.susercontent.com/file/sg-11134201-821dn-mh8womh4v7ka31","adidas Football Liverpool FC 25/26 Third Jersey Unisex Green JV6468","760.000","4.9 Penilaian Toko","Pilih 2, diskon 15%","-20%",""
"https://shopee.co.id/adidas-Football-Predator-League-Indoor-Football-Boots-Unisex-Grey-ID3782-i.270510657.42901173839?extraParams=%7B%22display_model_id%22%3A248428043572%2C%22model_selection_logic%22%3A3%7D","https://down-id.img.susercontent.com/file/id-11134201-7rbkb-maup7hy01z90c9","adidas Football Predator League Indoor Football Boots Unisex Grey ID3782","700.000","5.0","Pilih 2, diskon 15%","-50%","162 terjual"
"https://shopee.co.id/adidas-Football-Tiro-24-Jersey-Men-Black-JW4374-i.270510657.43565313019?extraParams=%7B%22display_model_id%22%3A296265059294%2C%22model_selection_logic%22%3A3%7D","https://down-id.img.susercontent.com/file/sg-11134201-824h8-mdx4i72a7pq976","adidas Football Tiro 24 Jersey Men Black JW4374","380.000","5.0","24 terjual","",""
"https://shopee.co.id/adidas-Football-Predator-League-Firm-Multi-Ground-Boots-Unisex-Black-JI1118-i.270510657.43615247700?extraParams=%7B%22display_model_id%22%3A261260928520%2C%22model_selection_logic%22%3A3%7D","https://down-id.img.susercontent.com/file/sg-11134201-824ih-mdwq1jdtpblw57","adidas Football Predator League Firm/Multi-Ground Boots Unisex Black JI1118","1.400.000","5.0","8 terjual","",""
"https://shopee.co.id/adidas-Football-Liverpool-FC-25-26-Home-Shorts-Unisex-Red-JV6441-i.270510657.41513634972?extraParams=%7B%22display_model_id%22%3A296128319241%2C%22model_selection_logic%22%3A3%7D","https://down-id.img.susercontent.com/file/sg-11134201-7rdxt-mdiabwa1fr9w8b","adidas Football Liverpool FC 25/26 Home Shorts Unisex Red JV6441","550.000","5.0","2 terjual","",""
"https://shopee.co.id/adidas-Football-Predator-League-Indoor-Boots-Kids-Unisex-Orange-JI1160-i.270510657.42767399826?extraParams=%7B%22display_model_id%22%3A281434919385%2C%22model_selection_logic%22%3A3%7D","https://down-id.img.susercontent.com/file/sg-11134201-824j3-me84didots74d9","adidas Football Predator League Indoor Boots Kids Unisex Orange JI1160","855.000","4.9 Penilaian Toko","Pilih 2, diskon 15%","-10%",""
"https://shopee.co.id/adidas-Football-F50-Club-Firm-Multi-Ground-Boots-Kids-Unisex-Black-JI0028-i.270510657.41065248294?extraParams=%7B%22display_model_id%22%3A301260579217%2C%22model_selection_logic%22%3A3%7D","https://down-id.img.susercontent.com/file/sg-11134201-824hk-mdwqwv7si9dtd5","adidas Football F50 Club Firm/Multi-Ground Boots Kids Unisex Black JI0028","650.000","4.9 Penilaian Toko","","",""
"https://shopee.co.id/adidas-Football-Predator-League-Fold-Over-Tongue-Firm-Multi-Ground-Boots-Unisex-White-JI1114-i.270510657.42915320152?extraParams=%7B%22display_model_id%22%3A281265060883%2C%22model_selection_logic%22%3A3%7D","https://down-id.img.susercontent.com/file/sg-11134201-824gl-mdx4fxdy93iec1","adidas Football Predator League Fold-Over Tongue Firm/Multi-Ground Boots Unisex White JI1114","1.500.000","5.0","82 terjual","",""
"https://shopee.co.id/adidas-Football-Squadra-25-Jersey-Kids-Unisex-Black-JJ0052-i.270510657.42265252253?extraParams=%7B%22display_model_id%22%3A276260428675%2C%22model_selection_logic%22%3A3%7D","https://down-id.img.susercontent.com/file/sg-11134201-824gc-mdwq6cc72dj5f0","adidas Football Squadra 25 Jersey Kids Unisex Black JJ0052","300.000","5.0","49 terjual","",""
"https://shopee.co.id/adidas-Football-Deportivo-III-Flexible-Ground-Boots-Men-Black-IF1402-i.270510657.40367028135?extraParams=%7B%22display_model_id%22%3A49585434807%2C%22model_selection_logic%22%3A3%7D","https://down-id.img.susercontent.com/file/sg-11134201-824ih-me4ynx9nnv2e48","adidas Football Deportivo III Flexible Ground Boots Men Black IF1402","700.000","4.7","92 terjual","",""
"https://shopee.co.id/adidas-Football-F50-Club-Firm-Multi-Ground-Boots-Kids-Unisex-Purple-JI0030-i.270510657.42415256172?extraParams=%7B%22display_model_id%22%3A281260895944%2C%22model_selection_logic%22%3A3%7D","https://down-id.img.susercontent.com/file/sg-11134201-824h7-mdwsdy779gqq03","adidas Football F50 Club Firm/Multi-Ground Boots Kids Unisex Purple JI0030","650.000","5.0","7 terjual","",""
"https://shopee.co.id/adidas-Football-Top-Sala-Competition-2-Indoor-Boots-Unisex-Green-IH7685-i.270510657.43201201876?extraParams=%7B%22display_model_id%22%3A260096846726%2C%22model_selection_logic%22%3A3%7D","https://down-id.img.susercontent.com/file/id-11134201-7rbkd-maup5agsd2op07","adidas Football Top Sala Competition 2 Indoor Boots Unisex Green IH7685","600.000","5.0","Pilih 2, diskon 15%","-50%","44 terjual"
"https://shopee.co.id/adidas-Football-Deportivo-III-Indoor-Boots-Men-Black-IF1405-i.270510657.40551173613?extraParams=%7B%22display_model_id%22%3A178933165492%2C%22model_selection_logic%22%3A3%7D","https://down-id.img.susercontent.com/file/id-11134201-7rbkd-maups76bm74ie8","adidas Football Deportivo III Indoor Boots Men Black IF1405","700.000","5.0","4 terjual","",""
"https://shopee.co.id/adidas-Football-F50-League-Laceless-Firm-Multi-Ground-Boots-Unisex-Orange-JH7735-i.270510657.48000778221?extraParams=%7B%22display_model_id%22%3A350068859215%2C%22model_selection_logic%22%3A3%7D","https://down-id.img.susercontent.com/file/sg-11134201-821ex-mgmvjb7xzm6l31","adidas Football F50 League Laceless Firm/Multi-Ground Boots Unisex Orange JH7735","1.400.000","4.8","9 terjual","",""
"https://shopee.co.id/adidas-Football-FIFA-World-Cup-26%E2%84%A2-Trionda-Mini-Ball-Unisex-White-JD8049-i.270510657.41272725158?extraParams=%7B%22display_model_id%22%3A281845473594%2C%22model_selection_logic%22%3A3%7D","https://down-id.img.susercontent.com/file/sg-11134201-8259s-mfvbciogbw948d","adidas Football FIFA World Cup 26™ Trionda Mini+ Ball Unisex White JD8049","300.000","4.3","5 terjual","",""
"https://shopee.co.id/adidas-Football-Goletto-IX-Indoor-Boots-Unisex-Black-IH0097-i.270510657.27436680416?extraParams=%7B%22display_model_id%22%3A218521620456%2C%22model_selection_logic%22%3A3%7D","https://down-id.img.susercontent.com/file/id-11134201-7rbk2-mauqz8e2etyc57","adidas Football Goletto IX Indoor Boots Unisex Black IH0097","700.000","5.0","22 terjual","",""
"https://shopee.co.id/adidas-Football-Liverpool-FC-US-Pack-Tee-Men-Red-JW5487-i.270510657.40267413087?extraParams=%7B%22display_model_id%22%3A306434935533%2C%22model_selection_logic%22%3A3%7D","https://down-id.img.susercontent.com/file/sg-11134201-824j1-me84e03ss3d31f","adidas Football Liverpool FC US Pack Tee Men Red JW5487","550.000","5.0","6 terjual","",""
"https://shopee.co.id/adidas-Football-Tiro-25-Competition-Training-Pants-Men-Black-JW4356-i.270510657.40415252505?extraParams=%7B%22display_model_id%22%3A271260507381%2C%22model_selection_logic%22%3A3%7D","https://down-id.img.susercontent.com/file/sg-11134201-824j8-mdwqhox22n7r66","adidas Football Tiro 25 Competition Training Pants Men Black JW4356","800.000","5.0","4 terjual","",""
"https://shopee.co.id/adidas-Football-F50-League-Turf-Boots-Unisex-Purple-JH7724-i.270510657.40465239940?extraParams=%7B%22display_model_id%22%3A248800284297%2C%22model_selection_logic%22%3A3%7D","https://down-id.img.susercontent.com/file/sg-11134201-824h2-mdwqeitbkxz93c","adidas Football F50 League Turf Boots Unisex Purple JH7724","1.260.000","5.0","Pilih 2, diskon 15%","-10%","8 terjual"
"https://shopee.co.id/adidas-Football-Superstar-Messi-Shoes-Unisex-Pink-JR1520-i.270510657.25797308493?extraParams=%7B%22display_model_id%22%3A266847449920%2C%22model_selection_logic%22%3A3%7D","https://down-id.img.susercontent.com/file/sg-11134201-8226d-mhjs3qh48qgxa5","adidas Football Superstar Messi Shoes Unisex Pink JR1520","994.500","4.7","Pilih 2, diskon 15%","-42%","37 terjual"
"https://shopee.co.id/adidas-Football-Predator-Club-Firm-Multi-Ground-Boots-Unisex-White-JH8847-i.270510657.41565239762?extraParams=%7B%22display_model_id%22%3A306260429708%2C%22model_selection_logic%22%3A3%7D","https://down-id.img.susercontent.com/file/sg-11134201-824gq-mdwq70aqddkzc1","adidas Football Predator Club Firm/Multi-Ground Boots Unisex White JH8847","900.000","4.8","80 terjual","",""
"https://shopee.co.id/adidas-Football-Copa-Pure-3-League-Firm-Multi-Ground-Boots-Kids-Unisex-Black-JR2883-i.270510657.41815270251?extraParams=%7B%22display_model_id%22%3A306261300421%2C%22model_selection_logic%22%3A3%7D","https://down-id.img.susercontent.com/file/sg-11134201-824hk-mdwtsaya38jk3a","adidas Football Copa Pure 3 League Firm/Multi-Ground Boots Kids Unisex Black JR2883","720.000","4.9 Penilaian Toko","Pilih 2, diskon 15%","-10%",""
"https://shopee.co.id/adidas-Football-FIFA-World-Cup-26%E2%84%A2-Trionda-Training-Sala-Ball-Unisex-White-JD8048-i.270510657.26093683081?extraParams=%7B%22display_model_id%22%3A375158376319%2C%22model_selection_logic%22%3A3%7D","https://down-id.img.susercontent.com/file/sg-11134201-821dn-mh8wm4op4gzy3d","adidas Football FIFA World Cup 26™ Trionda Training Sala Ball Unisex White JD8048","500.000","5.0","7 terjual","",""
"https://shopee.co.id/adidas-Football-Predator-Club-Indoor-Sala-Boots-Kids-Unisex-Orange-JH8860-i.270510657.29941096719?extraParams=%7B%22display_model_id%22%3A29940453218%2C%22model_selection_logic%22%3A3%7D","https://down-id.img.susercontent.com/file/sg-11134201-824h8-me84f1v9arra9e","adidas Football Predator Club Indoor Sala Boots Kids Unisex Orange JH8860","422.500","5.0","Pilih 2, diskon 15%","-35%","202 terjual"
"https://shopee.co.id/adidas-Football-Top-Sala-Competition-2-Indoor-Boots-Unisex-Blue-JS0653-i.270510657.44465260669?extraParams=%7B%22display_model_id%22%3A306260697424%2C%22model_selection_logic%22%3A3%7D","https://down-id.img.susercontent.com/file/sg-11134201-824i8-mdwrgindqn0kb9","adidas Football Top Sala Competition 2 Indoor Boots Unisex Blue JS0653","720.000","5.0","Pilih 2, diskon 15%","-40%","110 terjual"
"https://shopee.co.id/adidas-Football-Predator-League-Firm-Multi-Ground-Boots-Kids-Unisex-Orange-JI1123-i.270510657.44367399849?extraParams=%7B%22display_model_id%22%3A261435356847%2C%22model_selection_logic%22%3A3%7D","https://down-id.img.susercontent.com/file/sg-11134201-824j8-me84elzt3ldza1","adidas Football Predator League Firm/Multi-Ground Boots Kids Unisex Orange JI1123","617.500","5.0","Pilih 2, diskon 15%","-35%","10 terjual"
"https://shopee.co.id/adidas-Football-F50-Messi-League-Firm-Multi-Ground-Boots-Kids-Unisex-Blue-JP7455-i.270510657.43115255074?extraParams=%7B%22display_model_id%22%3A198665785758%2C%22model_selection_logic%22%3A3%7D","https://down-id.img.susercontent.com/file/sg-11134201-824h7-mdwr0l1bbgn812","adidas Football F50 Messi League Firm/Multi-Ground Boots Kids Unisex Blue JP7455","617.500","5.0","Pilih 2, diskon 15%","-35%","46 terjual"
"https://shopee.co.id/adidas-Football-Predator-League-Indoor-Boots-Unisex-Orange-JI1144-i.270510657.43367407906?extraParams=%7B%22display_model_id%22%3A286434927603%2C%22model_selection_logic%22%3A3%7D","https://down-id.img.susercontent.com/file/sg-11134201-824in-me84dkz3bjt0b8","adidas Football Predator League Indoor Boots Unisex Orange JI1144","1.260.000","4.9 Penilaian Toko","Pilih 2, diskon 15%","-10%",""
"https://shopee.co.id/adidas-Football-F50-League-Turf-Boots-Unisex-Black-JH7725-i.270510657.40315308285?extraParams=%7B%22display_model_id%22%3A228038855691%2C%22model_selection_logic%22%3A3%7D","https://down-id.img.susercontent.com/file/sg-11134201-824i6-mdx4clw6vhfp73","adidas Football F50 League Turf Boots Unisex Black JH7725","1.400.000","4.9 Penilaian Toko","","",""
"https://shopee.co.id/adidas-Football-Copa-Pure-3-Club-Firm-Multi-Ground-Boots-Kids-Unisex-Black-JR2905-i.270510657.25696618324?extraParams=%7B%22display_model_id%22%3A276265201531%2C%22model_selection_logic%22%3A3%7D","https://down-id.img.susercontent.com/file/sg-11134201-824gz-mdx52a0iq29zcf","adidas Football Copa Pure 3 Club Firm/Multi-Ground Boots Kids Unisex Black JR2905","550.000","5.0","11 terjual","",""
"https://shopee.co.id/adidas-Football-F50-League-Firm-Multi-Ground-Boots-Kids-Unisex-Purple-JH7747-i.270510657.44365255906?extraParams=%7B%22display_model_id%22%3A253800385369%2C%22model_selection_logic%22%3A3%7D","https://down-id.img.susercontent.com/file/sg-11134201-824hv-mdws1bz1gveqb8","adidas Football F50 League Firm/Multi-Ground Boots Kids Unisex Purple JH7747","855.000","4.9 Penilaian Toko","Pilih 2, diskon 15%","-10%",""
"https://shopee.co.id/adidas-Football-Goletto-IX-Firm-Multi-Ground-Boots-Unisex-White-IH5863-i.270510657.41865307027?extraParams=%7B%22display_model_id%22%3A218666307844%2C%22model_selection_logic%22%3A3%7D","https://down-id.img.susercontent.com/file/sg-11134201-824ij-mdx3kax9x5oj30","adidas Football Goletto IX Firm/Multi-Ground Boots Unisex White IH5863","700.000","5.0","17 terjual","",""
"https://shopee.co.id/adidas-Football-Predator-League-Firm-Multi-Ground-Boots-Kids-Unisex-White-JI1125-i.270510657.42715252151?extraParams=%7B%22display_model_id%22%3A169037095127%2C%22model_selection_logic%22%3A3%7D","https://down-id.img.susercontent.com/file/sg-11134201-824hb-mdwq2cv4n01vac","adidas Football Predator League Firm/Multi-Ground Boots Kids Unisex White JI1125","855.000","5.0","Pilih 2, diskon 15%","-10%","7 terjual"
"https://shopee.co.id/adidas-Football-Predator-Club-Firm-Multi-Ground-Boots-Kids-Unisex-White-JH8868-i.270510657.41365239978?extraParams=%7B%22display_model_id%22%3A286260484995%2C%22model_selection_logic%22%3A3%7D","https://down-id.img.susercontent.com/file/sg-11134201-824hl-mdwqf2mlqfwl36","adidas Football Predator Club Firm/Multi-Ground Boots Kids Unisex White JH8868","650.000","4.8","7 terjual","",""
"https://shopee.co.id/adidas-Football-F50-Messi-Club-Firm-Multi-Ground-Boots-Unisex-Blue-JP7444-i.270510657.28440509555?extraParams=%7B%22display_model_id%22%3A301260728545%2C%22model_selection_logic%22%3A3%7D","https://down-id.img.susercontent.com/file/sg-11134201-824hk-mdwrmrdd8wld48","adidas Football F50 Messi Club Firm/Multi-Ground Boots Unisex Blue JP7444","900.000","5.0","Pilih 2, diskon 15%","","51 terjual"
"https://shopee.co.id/adidas-Football-Tiro-25-Competition-Training-Shorts-Men-Black-JW4361-i.270510657.40265258432?extraParams=%7B%22display_model_id%22%3A286261500362%2C%22model_selection_logic%22%3A3%7D","https://down-id.img.susercontent.com/file/sg-11134201-824gd-mdwudk7nn8xx30","adidas Football Tiro 25 Competition Training Shorts Men Black JW4361","550.000","5.0","19 terjual","",""
"https://shopee.co.id/adidas-Football-F50-League-Indoor-Boots-Unisex-Purple-JH7719-i.270510657.28040504354?extraParams=%7B%22display_model_id%22%3A234449169032%2C%22model_selection_logic%22%3A3%7D","https://down-id.img.susercontent.com/file/sg-11134201-824io-mdwq7k9ynpqcdd","adidas Football F50 League Indoor Boots Unisex Purple JH7719","1.260.000","5.0","Pilih 2, diskon 15%","-10%","2 terjual"
"https://shopee.co.id/adidas-Football-Top-Sala-Competition-2-Indoor-Boots-Unisex-White-JH6294-i.270510657.42865248252?extraParams=%7B%22display_model_id%22%3A196226939153%2C%22model_selection_logic%22%3A3%7D","https://down-id.img.susercontent.com/file/sg-11134201-824hq-mdwqnxmvyjuua7","adidas Football Top Sala Competition 2 Indoor Boots Unisex White JH6294","1.080.000","4.9","Pilih 2, diskon 15%","-10%","13 terjual"
"https://shopee.co.id/adidas-Football-Goletto-IX-Firm-Multi-Ground-Boots-Unisex-Black-IH7701-i.270510657.40201197500?extraParams=%7B%22display_model_id%22%3A285096267168%2C%22model_selection_logic%22%3A3%7D","https://down-id.img.susercontent.com/file/id-11134201-7rbkd-maupuvbosqcr4e","adidas Football Goletto IX Firm/Multi-Ground Boots Unisex Black IH7701","700.000","4.9","81 terjual","",""
"https://shopee.co.id/adidas-Football-Gazelle-Real-Madrid-Shoes-Men-Blue-JR4158-i.270510657.40565257005?extraParams=%7B%22display_model_id%22%3A179037164397%2C%22model_selection_logic%22%3A3%7D","https://down-id.img.susercontent.com/file/sg-11134201-824h6-mdwt42hdayv5e1","adidas Football Gazelle Real Madrid Shoes Men Blue JR4158","1.530.000","5.0","Pilih 2, diskon 15%","-10%","25 terjual"
"https://shopee.co.id/adidas-Football-Samba-Newcastle-United-FC-Shoes-Unisex-White-JQ4044-i.270510657.41965266116?extraParams=%7B%22display_model_id%22%3A261261910128%2C%22model_selection_logic%22%3A3%7D","https://down-id.img.susercontent.com/file/sg-11134201-824gg-mdwu226y30n576","adidas Football Samba Newcastle United FC Shoes Unisex White JQ4044","1.900.000","5.0","42 terjual","",""
"https://shopee.co.id/adidas-Football-F50-League-Indoor-Boots-Unisex-White-IF1395-i.270510657.27118093054?extraParams=%7B%22display_model_id%22%3A257063583167%2C%22model_selection_logic%22%3A3%7D","https://down-id.img.susercontent.com/file/id-11134201-7rbk0-maur2ybkjdko84","adidas Football F50 League Indoor Boots Unisex White IF1395","910.000","4.9","Pilih 2, diskon 15%","-35%","111 terjual"
"https://shopee.co.id/adidas-Football-Copa-Gloro-2-Firm-Ground-Boots-Unisex-Black-IG8740-i.270510657.40515216615?extraParams=%7B%22display_model_id%22%3A286258314108%2C%22model_selection_logic%22%3A3%7D","https://down-id.img.susercontent.com/file/sg-11134201-824j5-mdwicaf11lhgd3","adidas Football Copa Gloro 2 Firm Ground Boots Unisex Black IG8740","1.440.000","5.0","Pilih 2, diskon 15%","-10%","22 terjual"
"https://shopee.co.id/adidas-Football-Predator-League-Firm-Multi-Ground-Boots-Kids-Unisex-Black-JI1122-i.270510657.42515252135?extraParams=%7B%22display_model_id%22%3A296260407709%2C%22model_selection_logic%22%3A3%7D","https://down-id.img.susercontent.com/file/sg-11134201-824h5-mdwq282a21vm5e","adidas Football Predator League Firm/Multi-Ground Boots Kids Unisex Black JI1122","950.000","4.9 Penilaian Toko","","",""
"https://shopee.co.id/adidas-Football-F50-League-Turf-Boots-Kids-Unisex-Orange-JI0001-i.270510657.41367413072?extraParams=%7B%22display_model_id%22%3A258856039550%2C%22model_selection_logic%22%3A3%7D","https://down-id.img.susercontent.com/file/sg-11134201-824i8-me84euj6vuv844","adidas Football F50 League Turf Boots Kids Unisex Orange JI0001","617.500","5.0","Pilih 2, diskon 15%","-35%","3 terjual"
"https://shopee.co.id/adidas-Football-F50-League-Firm-Multi-Ground-Boots-Kids-Unisex-Orange-JH7746-i.270510657.43267399828?extraParams=%7B%22display_model_id%22%3A186248127220%2C%22model_selection_logic%22%3A3%7D","https://down-id.img.susercontent.com/file/sg-11134201-824h2-me84dt6tqj2f50","adidas Football F50 League Firm/Multi-Ground Boots Kids Unisex Orange JH7746","617.500","5.0","Pilih 2, diskon 15%","-35%","16 terjual"
"https://shopee.co.id/adidas-Football-Samba-Indoor-Football-Shoes-Unisex-White-IH6001-i.270510657.28718086247?extraParams=%7B%22display_model_id%22%3A242062971299%2C%22model_selection_logic%22%3A3%7D","https://down-id.img.susercontent.com/file/id-11134201-7rbk1-mauqldbeqveg48","adidas Football Samba Indoor Football Shoes Unisex White IH6001","1.900.000","4.9","347 terjual","",""
"https://shopee.co.id/adidas-Football-Copa-Pure-3-League-Firm-Multi-Ground-Boots-Kids-Unisex-Black-IE1193-i.270510657.42665217913?extraParams=%7B%22display_model_id%22%3A281258664417%2C%22model_selection_logic%22%3A3%7D","https://down-id.img.susercontent.com/file/sg-11134201-824gx-mdwk36t8y32e87","adidas Football Copa Pure 3 League Firm/Multi-Ground Boots Kids Unisex Black IE1193","400.000","4.9","Pilih 2, diskon 15%","-50%","87 terjual"
"https://shopee.co.id/adidas-Football-F50-Messi-League-Firm-Multi-Ground-Boots-Unisex-Blue-JP7447-i.270510657.44015309340?extraParams=%7B%22display_model_id%22%3A271265244695%2C%22model_selection_logic%22%3A3%7D","https://down-id.img.susercontent.com/file/sg-11134201-824ig-mdx59o9r7rwja8","adidas Football F50 Messi League Firm/Multi-Ground Boots Unisex Blue JP7447","910.000","4.8","Pilih 2, diskon 15%","-35%","26 terjual"
"https://shopee.co.id/adidas-Football-Tiro-24-Training-Pants-Men-Blue-IR9343-i.270510657.40101119138?extraParams=%7B%22display_model_id%22%3A300090342623%2C%22model_selection_logic%22%3A3%7D","https://down-id.img.susercontent.com/file/sg-11134201-8225c-mhnzn1z6z5e07a","adidas Football Tiro 24 Training Pants Men Blue IR9343","520.000","5.0","Pilih 2, diskon 15%","-35%","33 terjual"
"https://shopee.co.id/adidas-Football-Gazelle-Inter-Miami-CF-Shoes-Men-Blue-JR4178-i.270510657.41415316320?extraParams=%7B%22display_model_id%22%3A301265335039%2C%22model_selection_logic%22%3A3%7D","https://down-id.img.susercontent.com/file/sg-11134201-824hd-mdx5kyn7f30k83","adidas Football Gazelle Inter Miami CF Shoes Men Blue JR4178","994.500","5.0","Pilih 2, diskon 15%","-42%","49 terjual"
"https://shopee.co.id/adidas-Football-Spain-26-Home-Jersey-Men-Red-JN4390-i.270510657.46052882461?extraParams=%7B%22display_model_id%22%3A355276707687%2C%22model_selection_logic%22%3A3%7D","https://down-id.img.susercontent.com/file/id-11134207-822wu-mnzjcz60clj9a5","adidas Football Spain 26 Home Jersey Men Red JN4390","1.200.000","5.0","Hadiah Gratis","","5 terjual"
"https://shopee.co.id/adidas-Football-Predator-League-Fold-Over-Tongue-Firm-Multi-Ground-Boots-Kids-Unisex-Orange-JP9918-i.270510657.44267408022?extraParams=%7B%22display_model_id%22%3A296434924484%2C%22model_selection_logic%22%3A3%7D","https://down-id.img.susercontent.com/file/sg-11134201-824hm-me84e7dyk7b5c4","adidas Football Predator League Fold-Over Tongue Firm/Multi-Ground Boots Kids Unisex Orange JP9918","715.000","5.0","Pilih 2, diskon 15%","-35%","9 terjual"
"https://shopee.co.id/adidas-Football-F50-Messi-League-Firm-Multi-Ground-Boots-Kids-Unisex-White-JP7454-i.270510657.43315255311?extraParams=%7B%22display_model_id%22%3A301260676550%2C%22model_selection_logic%22%3A3%7D","https://down-id.img.susercontent.com/file/sg-11134201-824gv-mdwrbjrysoap95","adidas Football F50 Messi League Firm/Multi-Ground Boots Kids Unisex White JP7454","570.000","5.0","Pilih 2, diskon 15%","-40%","2 terjual"
"https://shopee.co.id/adidas-Football-Germany-26-Home-Shorts-Men-Black-JN2073-i.270510657.56302871838?extraParams=%7B%22display_model_id%22%3A310277295479%2C%22model_selection_logic%22%3A3%7D","https://down-id.img.susercontent.com/file/id-11134207-822wn-mnzjcz60e03p67","adidas Football Germany 26 Home Shorts Men Black JN2073","600.000","5.0","2 terjual","",""
"https://shopee.co.id/adidas-Football-Predator-League-Firm-Ground-Boots-Unisex-Blue-IF6348-i.270510657.27018074895?extraParams=%7B%22display_model_id%22%3A147561006671%2C%22model_selection_logic%22%3A3%7D","https://down-id.img.susercontent.com/file/id-11134201-7rbk3-maur4f2j878911","adidas Football Predator League Firm Ground Boots Unisex Blue IF6348","1.260.000","5.0","Pilih 2, diskon 15%","-10%","51 terjual"
"https://shopee.co.id/adidas-Football-Goletto-IX-Turf-Boots-Unisex-White-IH0084-i.270510657.44315307403?extraParams=%7B%22display_model_id%22%3A238038816527%2C%22model_selection_logic%22%3A3%7D","https://down-id.img.susercontent.com/file/sg-11134201-824h7-mdx3q2l3tjpj48","adidas Football Goletto IX Turf Boots Unisex White IH0084","700.000","4.9","79 terjual","",""
"https://shopee.co.id/adidas-Football-Liverpool-FC-25-26-Home-Jersey-Unisex-Red-JV6436-i.270510657.50902871795?extraParams=%7B%22display_model_id%22%3A355276697993%2C%22model_selection_logic%22%3A3%7D","https://down-id.img.susercontent.com/file/sg-11134201-822y0-mi2txvsg87ib2e","adidas Football Liverpool FC 25/26 Home Jersey Unisex Red JV6436","760.000","4.9 Penilaian Toko","Pilih 2, diskon 15%","-20%",""
"https://shopee.co.id/adidas-Football-Predator-League-JB-Fold-Over-Tongue-Firm-Multi-Ground-Boots-Kids-Unisex-Black-JS4271-i.270510657.41009963297?extraParams=%7B%22display_model_id%22%3A300837300441%2C%22model_selection_logic%22%3A3%7D","https://down-id.img.susercontent.com/file/sg-11134201-7rdxi-mckcsstvqy4g77","adidas Football Predator League JB Fold-Over Tongue Firm/Multi-Ground Boots Kids Unisex Black JS4271","910.000","5.0","Pilih 2, diskon 15%","-35%","16 terjual"
"https://shopee.co.id/adidas-Football-F50-Club-Hook-and-Loop-Firm-Multi-Ground-Boots-Kids-Unisex-Purple-JI0036-i.270510657.28340504551?extraParams=%7B%22display_model_id%22%3A253800304752%2C%22model_selection_logic%22%3A3%7D","https://down-id.img.susercontent.com/file/sg-11134201-824g4-mdwr0g8lhu6f1e","adidas Football F50 Club Hook-and-Loop Firm/Multi-Ground Boots Kids Unisex Purple JI0036","650.000","5.0","3 terjual","",""
"https://shopee.co.id/adidas-Football-F50-League-Indoor-Boots-Unisex-White-JH7716-i.270510657.29840504377?extraParams=%7B%22display_model_id%22%3A281260443773%2C%22model_selection_logic%22%3A3%7D","https://down-id.img.susercontent.com/file/sg-11134201-824ib-mdwq7zm070uc24","adidas Football F50 League Indoor Boots Unisex White JH7716","840.000","5.0","Pilih 2, diskon 15%","-40%","33 terjual"
"https://shopee.co.id/adidas-Football-Predator-League-Fold-Over-Tongue-Firm-Multi-Ground-Boots-Kids-Unisex-White-JP9916-i.270510657.43365265003?extraParams=%7B%22display_model_id%22%3A243800464868%2C%22model_selection_logic%22%3A3%7D","https://down-id.img.susercontent.com/file/sg-11134201-824hh-mdwsztz5p3pjb1","adidas Football Predator League Fold-Over Tongue Firm/Multi-Ground Boots Kids Unisex White JP9916","990.000","5.0","Pilih 2, diskon 15%","-10%","8 terjual"
"https://shopee.co.id/adidas-Football-F50-League-Indoor-Boots-Unisex-White-IE1228-i.270510657.42001196354?extraParams=%7B%22display_model_id%22%3A305095959134%2C%22model_selection_logic%22%3A3%7D","https://down-id.img.susercontent.com/file/id-11134201-7rbk8-maupfvicr0yh46","adidas Football F50 League Indoor Boots Unisex White IE1228","1.400.000","5.0","61 terjual","",""
"https://shopee.co.id/adidas-Football-Milano-23-Socks-Unisex-Blue-IB7814-i.270510657.28818086418?extraParams=%7B%22display_model_id%22%3A237041608525%2C%22model_selection_logic%22%3A3%7D","https://down-id.img.susercontent.com/file/id-11134201-7rbka-mauqkatr3yj6f7","adidas Football Milano 23 Socks Unisex Blue IB7814","150.000","4.9","44 terjual","",""
"https://shopee.co.id/adidas-Football-F50-League-Laceless-Firm-Multi-Ground-Boots-Unisex-Orange-JH7735-i.270510657.29241100214?extraParams=%7B%22display_model_id%22%3A291434933460%2C%22model_selection_logic%22%3A3%7D","https://down-id.img.susercontent.com/file/sg-11134201-824j0-me84epsdm9s12f","adidas Football F50 League Laceless Firm/Multi-Ground Boots Unisex Orange JH7735","1.400.000","5.0","34 terjual","",""
"https://shopee.co.id/adidas-Football-Spain-26-Home-Youth-Jersey-Unisex-Red-JZ5757-i.270510657.28643790184?extraParams=%7B%22display_model_id%22%3A370276711495%2C%22model_selection_logic%22%3A3%7D","https://down-id.img.susercontent.com/file/id-11134207-822ws-mnzj2pl3sz60ac","adidas Football Spain 26 Home Youth Jersey Unisex Red JZ5757","950.000","5.0","Hadiah Gratis","","3 terjual"
"https://shopee.co.id/adidas-Football-F50-Club-Indoor-Boots-Kids-Unisex-Purple-JI0042-i.270510657.43315249127?extraParams=%7B%22display_model_id%22%3A281260787948%2C%22model_selection_logic%22%3A3%7D","https://down-id.img.susercontent.com/file/sg-11134201-824hl-mdwrx9kmq1hd75","adidas Football F50 Club Indoor Boots Kids Unisex Purple JI0042","650.000","5.0","4 terjual","",""
"https://shopee.co.id/adidas-Football-F50-League-Turf-Boots-Kids-Unisex-White-JI0002-i.270510657.28590515273?extraParams=%7B%22display_model_id%22%3A261261307103%2C%22model_selection_logic%22%3A3%7D","https://down-id.img.susercontent.com/file/sg-11134201-824h7-mdwrw58ozthg6d","adidas Football F50 League Turf Boots Kids Unisex White JI0002","570.000","4.9 Penilaian Toko","Pilih 2, diskon 15%","-40%",""
"https://shopee.co.id/adidas-Football-Starlancer-Club-Ball-Unisex-White-IP1648-i.270510657.27818100208?extraParams=%7B%22display_model_id%22%3A242063622798%2C%22model_selection_logic%22%3A3%7D","https://down-id.img.susercontent.com/file/id-11134201-7rbka-mauqv78utai35e","adidas Football Starlancer Club Ball Unisex White IP1648","300.000","5.0","138 terjual","",""
"https://shopee.co.id/adidas-Football-F50-League-Indoor-Boots-Unisex-Blue-IE1226-i.270510657.43501205725?extraParams=%7B%22display_model_id%22%3A260096591249%2C%22model_selection_logic%22%3A3%7D","https://down-id.img.susercontent.com/file/id-11134201-7rbke-maup2yi38f1g28","adidas Football F50 League Indoor Boots Unisex Blue IE1226","840.000","5.0","Pilih 2, diskon 15%","-40%","20 terjual"
"https://shopee.co.id/adidas-Football-Mexico-26-Home-Jersey-Men-Green-JL8580-i.270510657.58152871797?extraParams=%7B%22display_model_id%22%3A254114749243%2C%22model_selection_logic%22%3A3%7D","https://down-id.img.susercontent.com/file/id-11134207-822wi-mnzj2pl3orgoab","adidas Football Mexico 26 Home Jersey Men Green JL8580","1.200.000","5.0","Hadiah Gratis","","1 terjual"
"https://shopee.co.id/adidas-Football-PREDATOR-FREESTYLE-Indoor-Football-shoes-Beckham-Unisex-Pink-JI1163-i.270510657.40415239702?extraParams=%7B%22display_model_id%22%3A261260983464%2C%22model_selection_logic%22%3A3%7D","https://down-id.img.susercontent.com/file/sg-11134201-824gq-mdwq9u90xwqtb7","adidas Football PREDATOR FREESTYLE Indoor Football shoes Beckham Unisex Pink JI1163","1.020.000","5.0","Pilih 2, diskon 15%","-40%","20 terjual"
"https://shopee.co.id/adidas-Football-Lifestyle-AEROREADY-Sereno-Cut-3-Stripes-Shorts-Men-Black-H28919-i.270510657.41954437351?extraParams=%7B%22display_model_id%22%3A270375893017%2C%22model_selection_logic%22%3A3%7D","https://down-id.img.susercontent.com/file/sg-11134201-7ratj-maygpzerj69i1e","adidas Football & Lifestyle AEROREADY Sereno Cut 3-Stripes Shorts Men Black H28919","325.000","4.9","Pilih 2, diskon 15%","-35%","69 terjual"
"https://shopee.co.id/adidas-Football-Predator-Club-Indoor-Sala-Boots-Kids-Unisex-White-JH8861-i.270510657.28590509502?extraParams=%7B%22display_model_id%22%3A266261180954%2C%22model_selection_logic%22%3A3%7D","https://down-id.img.susercontent.com/file/sg-11134201-824gk-mdwr7fihl8n8b6","adidas Football Predator Club Indoor Sala Boots Kids Unisex White JH8861","650.000","4.9 Penilaian Toko","","",""
"https://shopee.co.id/adidas-Football-Argentina-26-Home-Goalkeeper-Jersey-Men-Black-JM8323-i.270510657.56502871797?extraParams=%7B%22display_model_id%22%3A196345592165%2C%22model_selection_logic%22%3A3%7D","https://down-id.img.susercontent.com/file/id-11134207-822wi-mnzjcz5td5vs3d","adidas Football Argentina 26 Home Goalkeeper Jersey Men Black JM8323","1.200.000","5.0","7 terjual","",""
"https://shopee.co.id/adidas-Football-FIFA-World-Cup-26%E2%84%A2-Trionda-League-Street-Ball-Unisex-White-JD8035-i.270510657.42825602888?extraParams=%7B%22display_model_id%22%3A208766682595%2C%22model_selection_logic%22%3A3%7D","https://down-id.img.susercontent.com/file/sg-11134201-825ae-mg5txp5xmubtaa","adidas Football FIFA World Cup 26™ Trionda League Street Ball Unisex White JD8035","650.000","5.0","10 terjual","",""
"https://shopee.co.id/adidas-Football-Copa-Court-League-Indoor-Boots-Kids-Unisex-Black-JR2889-i.270510657.41115316122?extraParams=%7B%22display_model_id%22%3A286265319541%2C%22model_selection_logic%22%3A3%7D","https://down-id.img.susercontent.com/file/sg-11134201-824iw-mdx5kmtuzev469","adidas Football Copa Court League Indoor Boots Kids Unisex Black JR2889","800.000","5.0","1 terjual","",""
"https://shopee.co.id/adidas-Football-Predator-Freestyle-Indoor-Shoes-Unisex-Beige-JI1161-i.270510657.41115244433?extraParams=%7B%22display_model_id%22%3A266260952825%2C%22model_selection_logic%22%3A3%7D","https://down-id.img.susercontent.com/file/sg-11134201-824hz-mdwq5m6t37y9b3","adidas Football Predator Freestyle Indoor Shoes Unisex Beige JI1161","1.020.000","4.7","Pilih 2, diskon 15%","-40%","34 terjual"
"https://shopee.co.id/adidas-Football-F50-Club-Turf-Boots-Unisex-Purple-JI0026-i.270510657.40915239617?extraParams=%7B%22display_model_id%22%3A281260466155%2C%22model_selection_logic%22%3A3%7D","https://down-id.img.susercontent.com/file/sg-11134201-824h8-mdwqad9niwhy6d","adidas Football F50 Club Turf Boots Unisex Purple JI0026","900.000","5.0","5 terjual","",""
"https://shopee.co.id/adidas-Football-Japan-26-Home-Jersey-Unisex-Blue-JZ9688-i.270510657.54402871761?extraParams=%7B%22display_model_id%22%3A335276704074%2C%22model_selection_logic%22%3A3%7D","https://down-id.img.susercontent.com/file/id-11134207-822wq-mnzj2pl3rklk46","adidas Football Japan 26 Home Jersey Unisex Blue JZ9688","950.000","5.0","Hadiah Gratis","","2 terjual"
"https://shopee.co.id/adidas-Football-FIFA-World-Cup-26%E2%84%A2-Official-Emblem-Cap-Unisex-Black-KE7368-i.270510657.44501739472?extraParams=%7B%22display_model_id%22%3A420158375348%2C%22model_selection_logic%22%3A3%7D","https://down-id.img.susercontent.com/file/sg-11134201-821e1-mh8wlo7yllvu19","adidas Football FIFA World Cup 26™ Official Emblem Cap Unisex Black KE7368","350.000","5.0","58 terjual","",""
"https://shopee.co.id/adidas-Football-Predator-League-Indoor-Football-Boots-Unisex-Black-ID3781-i.270510657.26036720341?extraParams=%7B%22display_model_id%22%3A285095919205%2C%22model_selection_logic%22%3A3%7D","https://down-id.img.susercontent.com/file/id-11134201-7rbkc-maures5r99us74","adidas Football Predator League Indoor Football Boots Unisex Black ID3781","1.400.000","4.9","190 terjual","",""
"https://shopee.co.id/adidas-Football-Argentina-26-Home-Jersey-Men-White-JM8396-i.270510657.57102867189?extraParams=%7B%22display_model_id%22%3A238218143133%2C%22model_selection_logic%22%3A3%7D","https://down-id.img.susercontent.com/file/id-11134207-822wu-mnzj2pl3lybsb9","adidas Football Argentina 26 Home Jersey Men White JM8396","1.200.000","5.0","Hadiah Gratis","","15 terjual"
"https://shopee.co.id/adidas-Football-FIFA-World-Cup-26%E2%84%A2-Trionda-League-Ball-Unisex-White-JD8030-i.270510657.42572716465?extraParams=%7B%22display_model_id%22%3A286845445989%2C%22model_selection_logic%22%3A3%7D","https://down-id.img.susercontent.com/file/sg-11134201-8259w-mg5tul23xqmk45","adidas Football FIFA World Cup 26™ Trionda League Ball Unisex White JD8030","550.000","5.0","7 terjual","",""
"https://shopee.co.id/adidas-Football-Germany-26-Home-Kids-Jersey-Unisex-White-JZ4560-i.270510657.28693785501?extraParams=%7B%22display_model_id%22%3A310277284128%2C%22model_selection_logic%22%3A3%7D","https://down-id.img.susercontent.com/file/id-11134207-822wk-mnzjcz60feo52d","adidas Football Germany 26 Home Kids Jersey Unisex White JZ4560","950.000","5.0","2 terjual","",""
"https://shopee.co.id/adidas-Football-Argentina-26-Home-Socks-Unisex-Blue-JM8891-i.270510657.44901738679?extraParams=%7B%22display_model_id%22%3A267174614872%2C%22model_selection_logic%22%3A3%7D","https://down-id.img.susercontent.com/file/sg-11134201-821e2-mh8wpms8d7nwae","adidas Football Argentina 26 Home Socks Unisex Blue JM8891","280.000","5.0","10 terjual","",""
"https://shopee.co.id/adidas-Football-Tiro-Competition-Shin-Guards-Unisex-Black-IP3999-i.270510657.24738513572?extraParams=%7B%22display_model_id%22%3A108515367182%2C%22model_selection_logic%22%3A3%7D","https://down-id.img.susercontent.com/file/id-11134201-7rbk4-maurki1dz8ys76","adidas Football Tiro Competition Shin Guards Unisex Black IP3999","390.000","5.0","Pilih 2, diskon 15%","-35%","10 terjual"
"https://shopee.co.id/adidas-Football-F50-League-Messi-Firm-Multi-Ground-Boots-Kids-Unisex-Turquoise-IH0931-i.270510657.26386680560?extraParams=%7B%22display_model_id%22%3A198521627395%2C%22model_selection_logic%22%3A3%7D","https://down-id.img.susercontent.com/file/id-11134201-7rbk6-maurax86khh42a","adidas Football F50 League Messi Firm/Multi-Ground Boots Kids Unisex Turquoise IH0931","475.000","5.0","Pilih 2, diskon 15%","-50%","39 terjual"
"https://shopee.co.id/adidas-Football-Trionda-Germany-Home-Club-Ball-Unisex-White-JY0242-i.270510657.41275953611?extraParams=%7B%22display_model_id%22%3A302106079181%2C%22model_selection_logic%22%3A3%7D","https://down-id.img.susercontent.com/file/sg-11134201-82586-mgfuo5bzhs7ib4","adidas Football Trionda Germany Home Club Ball Unisex White JY0242","350.000","4.9 Penilaian Toko","","",""
"https://shopee.co.id/adidas-Football-Liverpool-FC-25-26-Home-Socks-Men-Red-JW4840-i.270510657.42565315312?extraParams=%7B%22display_model_id%22%3A266265629341%2C%22model_selection_logic%22%3A3%7D","https://down-id.img.susercontent.com/file/sg-11134201-824gl-mdx4ou3fhxqa15","adidas Football Liverpool FC 25/26 Home Socks Men Red JW4840","280.000","4.9 Penilaian Toko","","",""
"https://shopee.co.id/adidas-Football-Argentina-26-Home-Shorts-Men-Blue-JM1325-i.270510657.42777141352?extraParams=%7B%22display_model_id%22%3A445276699448%2C%22model_selection_logic%22%3A3%7D","https://down-id.img.susercontent.com/file/id-11134207-822wo-mnzj2pl3q614e5","adidas Football Argentina 26 Home Shorts Men Blue JM1325","600.000","5.0","2 terjual","",""
"https://shopee.co.id/adidas-Football-Italy-26-Home-Jersey-Men-Blue-JL6937-i.270510657.58102875861?extraParams=%7B%22display_model_id%22%3A390276693756%2C%22model_selection_logic%22%3A3%7D","https://down-id.img.susercontent.com/file/id-11134207-822wo-mnzj2pl3ncw86f","adidas Football Italy 26 Home Jersey Men Blue JL6937","1.200.000","5.0","Hadiah Gratis","","1 terjual"
"https://shopee.co.id/adidas-Football-Goletto-IX-Firm-Multi-Ground-Boots-Unisex-Black-IH7702-i.270510657.41451193106?extraParams=%7B%22display_model_id%22%3A270096249412%2C%22model_selection_logic%22%3A3%7D","https://down-id.img.susercontent.com/file/id-11134201-7rbke-maupkuh2uwyza9","adidas Football Goletto IX Firm/Multi-Ground Boots Unisex Black IH7702","630.000","4.9","Pilih 2, diskon 15%","-10%","171 terjual"
"https://shopee.co.id/adidas-Football-F50-League-Messi-Firm-Multi-Ground-Boots-Unisex-Turquoise-IH0928-i.270510657.40101197343?extraParams=%7B%22display_model_id%22%3A270096198012%2C%22model_selection_logic%22%3A3%7D","https://down-id.img.susercontent.com/file/id-11134201-7rbk0-maupvit4gy7836","adidas Football F50 League Messi Firm/Multi-Ground Boots Unisex Turquoise IH0928","700.000","4.9","Pilih 2, diskon 15%","-50%","28 terjual"
"https://shopee.co.id/adidas-Football-Liverpool-FC-25-26-Away-Shorts-Men-Black-JY4233-i.270510657.41513650058?extraParams=%7B%22display_model_id%22%3A261128940797%2C%22model_selection_logic%22%3A3%7D","https://down-id.img.susercontent.com/file/sg-11134201-7rdvr-mdiabw15sr4l14","adidas Football Liverpool FC 25/26 Away Shorts Men Black JY4233","480.000","4.9 Penilaian Toko","Pilih 2, diskon 15%","-20%",""
"https://shopee.co.id/adidas-Football-Predator-League-Turf-Boots-Kids-Unisex-White-JI1149-i.270510657.40315247612?extraParams=%7B%22display_model_id%22%3A258800275311%2C%22model_selection_logic%22%3A3%7D","https://down-id.img.susercontent.com/file/sg-11134201-824iv-mdwq8aem0suf81","adidas Football Predator League Turf Boots Kids Unisex White JI1149","950.000","4.9 Penilaian Toko","","",""
"https://shopee.co.id/adidas-Football-Tiro-25-Essentials-Jersey-Men-Black-JD0446-i.270510657.41551174085?extraParams=%7B%22display_model_id%22%3A270094981807%2C%22model_selection_logic%22%3A3%7D","https://down-id.img.susercontent.com/file/id-11134201-7rbk8-maupjzyvi0nt6d","adidas Football Tiro 25 Essentials Jersey Men Black JD0446","400.000","4.9 Penilaian Toko","","",""
"https://shopee.co.id/adidas-Football-Tiro-Training-Shin-Guards-Unisex-Black-IP3998-i.270510657.29918084394?extraParams=%7B%22display_model_id%22%3A233481522709%2C%22model_selection_logic%22%3A3%7D","https://down-id.img.susercontent.com/file/id-11134201-7rbkd-maupxne0d4msa5","adidas Football Tiro Training Shin Guards Unisex Black IP3998","250.000","5.0","39 terjual","",""
"https://shopee.co.id/adidas-Football-F50-League-Turf-Boots-Kids-Unisex-Black-JH9999-i.270510657.42965247806?extraParams=%7B%22display_model_id%22%3A253800249787%2C%22model_selection_logic%22%3A3%7D","https://down-id.img.susercontent.com/file/sg-11134201-824hi-mdwq5n3y2tj58d","adidas Football F50 League Turf Boots Kids Unisex Black JH9999","950.000","4.9 Penilaian Toko","","",""
"https://shopee.co.id/adidas-Football-Predator-League-Firm-Ground-Boots-Kids-Unisex-Blue-ID0911-i.270510657.43750789838?extraParams=%7B%22display_model_id%22%3A260063494885%2C%22model_selection_logic%22%3A3%7D","https://down-id.img.susercontent.com/file/id-11134201-7rbk5-maup14ojjwya4a","adidas Football Predator League Firm Ground Boots Kids Unisex Blue ID0911","617.500","4.9","Pilih 2, diskon 15%","-35%","58 terjual"
"https://shopee.co.id/adidas-Football-adi-23-Socks-Unisex-Blue-IB7791-i.270510657.42665243663?extraParams=%7B%22display_model_id%22%3A159263821424%2C%22model_selection_logic%22%3A3%7D","https://down-id.img.susercontent.com/file/sg-11134201-824i4-mdwp7bmqh2bra4","adidas Football adi 23 Socks Unisex Blue IB7791","200.000","5.0","46 terjual","",""
"https://shopee.co.id/adidas-Football-Mundial-Goal-Shoes-Unisex-Black-019310-i.270510657.28668098413?extraParams=%7B%22display_model_id%22%3A39839283182%2C%22model_selection_logic%22%3A3%7D","https://down-id.img.susercontent.com/file/id-11134201-7rbk9-mauqlorzz1dg3f","adidas Football Mundial Goal Shoes Unisex Black 019310","2.000.000","4.9","82 terjual","",""
"https://shopee.co.id/adidas-Football-Liverpool-FC-Tiro-25-Competition-Training-Shorts-Men-Black-JV6575-i.270510657.27040066260?extraParams=%7B%22display_model_id%22%3A248758037627%2C%22model_selection_logic%22%3A3%7D","https://down-id.img.susercontent.com/file/sg-11134201-7rdy8-mdiabqkzrtes74","adidas Football Liverpool FC Tiro 25 Competition Training Shorts Men Black JV6575","600.000","5.0","2 terjual","",""
"https://shopee.co.id/adidas-Football-Liverpool-FC-LFSTLR-Track-Pant-Men-Grey-KC7800-i.270510657.27841096705?extraParams=%7B%22display_model_id%22%3A291434932981%2C%22model_selection_logic%22%3A3%7D","https://down-id.img.susercontent.com/file/sg-11134201-824ij-me84egwqc5c005","adidas Football Liverpool FC LFSTLR Track Pant Men Grey KC7800","1.300.000","4.9 Penilaian Toko","","",""
"https://shopee.co.id/adidas-Football-Super-Sala-Competition-3-Indoor-Boots-Kids-Unisex-White-JR5402-i.270510657.40365304832?extraParams=%7B%22display_model_id%22%3A276265002637%2C%22model_selection_logic%22%3A3%7D","https://down-id.img.susercontent.com/file/sg-11134201-824ge-mdx48hpszk0346","adidas Football Super Sala Competition 3 Indoor Boots Kids Unisex White JR5402","700.000","5.0","3 terjual","",""
"https://shopee.co.id/adidas-Football-F50-League-Indoor-Boots-Kids-Unisex-Purple-JH7750-i.270510657.44415252272?extraParams=%7B%22display_model_id%22%3A261260994059%2C%22model_selection_logic%22%3A3%7D","https://down-id.img.susercontent.com/file/sg-11134201-824hu-mdwqbx2fzs3n83","adidas Football F50 League Indoor Boots Kids Unisex Purple JH7750","855.000","4.9 Penilaian Toko","Pilih 2, diskon 15%","-10%",""
"https://shopee.co.id/adidas-Football-F50-League-Firm-Multi-Ground-Boots-Kids-Unisex-Black-JH7744-i.270510657.41415253638?extraParams=%7B%22display_model_id%22%3A266261307629%2C%22model_selection_logic%22%3A3%7D","https://down-id.img.susercontent.com/file/sg-11134201-824g5-mdwrwmpwsrupd6","adidas Football F50 League Firm/Multi-Ground Boots Kids Unisex Black JH7744","855.000","4.9 Penilaian Toko","Pilih 2, diskon 15%","-10%",""
"https://shopee.co.id/adidas-Football-Squadra-25-Shorts-Kids-Unisex-Black-JJ2417-i.270510657.28440513993?extraParams=%7B%22display_model_id%22%3A271260215701%2C%22model_selection_logic%22%3A3%7D","https://down-id.img.susercontent.com/file/sg-11134201-824ji-mdwp8ysng45j21","adidas Football Squadra 25 Shorts Kids Unisex Black JJ2417","300.000","5.0","28 terjual","",""
"https://shopee.co.id/adidas-Football-Germany-26-Home-Goalkeeper-Jersey-Men-Green-KD5121-i.270510657.57502871844?extraParams=%7B%22display_model_id%22%3A277243084127%2C%22model_selection_logic%22%3A3%7D","https://down-id.img.susercontent.com/file/id-11134207-822wh-mnzjcz60gt8l71","adidas Football Germany 26 Home Goalkeeper Jersey Men Green KD5121","1.200.000","4.0","4 terjual","",""
"https://shopee.co.id/adidas-Football-Copa-Pure-3-League-Firm-Multi-Ground-Boots-Unisex-Black-JH6300-i.270510657.43165252283?extraParams=%7B%22display_model_id%22%3A296260432573%2C%22model_selection_logic%22%3A3%7D","https://down-id.img.susercontent.com/file/sg-11134201-824j9-mdwq75qq6yv7e3","adidas Football Copa Pure 3 League Firm/Multi-Ground Boots Unisex Black JH6300","1.200.000","4.9","15 terjual","",""
"https://shopee.co.id/adidas-Football-Copa-Pure-3-League-Firm-Multi-Ground-Boots-Kids-Unisex-Black-JR2884-i.270510657.44115261932?extraParams=%7B%22display_model_id%22%3A281261107625%2C%22model_selection_logic%22%3A3%7D","https://down-id.img.susercontent.com/file/sg-11134201-824hz-mdwt4qwuuww40f","adidas Football Copa Pure 3 League Firm/Multi-Ground Boots Kids Unisex Black JR2884","800.000","4.9 Penilaian Toko","","",""
"https://shopee.co.id/adidas-Football-Starlancer-Club-Ball-Unisex-Black-JH3748-i.270510657.43101188036?extraParams=%7B%22display_model_id%22%3A275095010094%2C%22model_selection_logic%22%3A3%7D","https://down-id.img.susercontent.com/file/sg-11134201-7rdwq-mcmw2w1d2fcs5d","adidas Football Starlancer Club Ball Unisex Black JH3748","300.000","5.0","19 terjual","",""
"https://shopee.co.id/adidas-Football-Predator-Club-Turf-Boots-Kids-Unisex-White-JH8862-i.270510657.44015299222?extraParams=%7B%22display_model_id%22%3A266265398556%2C%22model_selection_logic%22%3A3%7D","https://down-id.img.susercontent.com/file/sg-11134201-824jh-mdx3ycwvm4na2b","adidas Football Predator Club Turf Boots Kids Unisex White JH8862","650.000","4.9 Penilaian Toko","","",""
"https://shopee.co.id/adidas-Football-Mundial-Team-Boots-Unisex-Black-019228-i.270510657.27018088480?extraParams=%7B%22display_model_id%22%3A69488521140%2C%22model_selection_logic%22%3A3%7D","https://down-id.img.susercontent.com/file/id-11134201-7rbk4-maur4bo67beg67","adidas Football Mundial Team Boots Unisex Black 019228","1.900.000","5.0","69 terjual","",""
"https://shopee.co.id/adidas-Football-Entrada-22-Jersey-Men-White-HC5071-i.270510657.27968093005?extraParams=%7B%22display_model_id%22%3A252063552907%2C%22model_selection_logic%22%3A3%7D","https://down-id.img.susercontent.com/file/id-11134201-7rbk9-mauqtvjcmmfy4c","adidas Football Entrada 22 Jersey Men White HC5071","227.500","5.0","Pilih 2, diskon 15%","-35%","80 terjual"
"https://shopee.co.id/adidas-Football-Predator-League-Indoor-Football-Boots-Unisex-White-ID3780-i.270510657.43801200708?extraParams=%7B%22display_model_id%22%3A234241553574%2C%22model_selection_logic%22%3A3%7D","https://down-id.img.susercontent.com/file/id-11134201-7rbk1-maup0nt68sc807","adidas Football Predator League Indoor Football Boots Unisex White ID3780","700.000","4.8","Pilih 2, diskon 15%","-50%","144 terjual"
"https://shopee.co.id/adidas-Football-Trionda-Italy-Home-Club-Ball-Unisex-Blue-JY0248-i.270510657.44850464769?extraParams=%7B%22display_model_id%22%3A425040626494%2C%22model_selection_logic%22%3A3%7D","https://down-id.img.susercontent.com/file/sg-11134201-8259r-mgfu7lp8i5ft12","adidas Football Trionda Italy Home Club Ball Unisex Blue JY0248","350.000","5.0","1 terjual","",""
"https://shopee.co.id/adidas-Football-Tiro-Match-Shin-Guards-Unisex-Black-IP3997-i.270510657.29468098145?extraParams=%7B%22display_model_id%22%3A205568945213%2C%22model_selection_logic%22%3A3%7D","https://down-id.img.susercontent.com/file/id-11134201-7rbk3-mauq2dx6t8qg12","adidas Football Tiro Match Shin Guards Unisex Black IP3997","227.500","5.0","Pilih 2, diskon 15%","-35%","17 terjual"
"https://shopee.co.id/adidas-Football-Milano-23-Socks-Unisex-Red-IB7817-i.270510657.29718092211?extraParams=%7B%22display_model_id%22%3A99047997392%2C%22model_selection_logic%22%3A3%7D","https://down-id.img.susercontent.com/file/id-11134201-7rbk3-maupzo45xrxw1a","adidas Football Milano 23 Socks Unisex Red IB7817","140.000","5.0","168 terjual","",""
"https://shopee.co.id/adidas-Football-Tiro-26-League-Training-Shorts-Men-Blue-JY9718-i.270510657.43975384038?extraParams=%7B%22display_model_id%22%3A89249494446%2C%22model_selection_logic%22%3A3%7D","https://down-id.img.susercontent.com/file/sg-11134201-8257y-mg4ckp3a1rm6ad","adidas Football Tiro 26 League Training Shorts Men Blue JY9718","380.000","5.0","1 terjual","",""
"https://shopee.co.id/adidas-Football-Deportivo-III-Flexible-Ground-Boots-Men-Black-IF1401-i.270510657.41001192059?extraParams=%7B%22display_model_id%22%3A248428381302%2C%22model_selection_logic%22%3A3%7D","https://down-id.img.susercontent.com/file/id-11134201-7rbk2-mauporra83q1c7","adidas Football Deportivo III Flexible Ground Boots Men Black IF1401","700.000","4.9","145 terjual","",""
"https://shopee.co.id/adidas-Football-F50-Club-Indoor-Boots-Unisex-Orange-JI0022-i.270510657.40517399676?extraParams=%7B%22display_model_id%22%3A248856054972%2C%22model_selection_logic%22%3A3%7D","https://down-id.img.susercontent.com/file/sg-11134201-824hb-me84fdcgf211b4","adidas Football F50 Club Indoor Boots Unisex Orange JI0022","900.000","5.0","12 terjual","",""