"contents href","_image_yazkc_11 src","whitespace-normal","font-medium 2","h-4","truncate","inline-block","truncate 2","_image_yazkc_11 src 4"
"https://shopee.co.id/adidas-Tennis-Lifestyle-Grand-Court-2.0-Shoes-Kids-Unisex-White-ID5271-i.270510657.43351191434?extraParams=%7B%22display_model_id%22%3A157846554509%2C%22model_selection_logic%22%3A3%7D","https://down-id.img.susercontent.com/file/id-11134201-7rbka-maup46zw4bskf5","adidas Tennis & Lifestyle Grand Court 2.0 Shoes Kids Unisex White ID5271","420.000","-30%","Pilih 2, diskon 15%","5.0","226 terjual",""
"https://shopee.co.id/adidas-Swimming-Lifestyle-Altaswim-2.0-Sandals-Kids-Unisex-Pink-ID0305-i.270510657.41853142759?extraParams=%7B%22display_model_id%22%3A280259839400%2C%22model_selection_logic%22%3A3%7D","https://down-id.img.susercontent.com/file/id-11134201-7rbk0-mauph7b6ssv23a","adidas Swimming & Lifestyle Altaswim 2.0 Sandals Kids Unisex Pink ID0305","350.000","-30%","Pilih 2, diskon 15%","4.9","1RB+ terjual","https://down-id.img.susercontent.com/file/id-11134258-7r98o-lym7r498wldxcb"
"https://shopee.co.id/adidas-Swimming-Lifestyle-Altaswim-2.0-Sandals-Kids-Unisex-Black-ID0306-i.270510657.27287580764?extraParams=%7B%22display_model_id%22%3A305376367776%2C%22model_selection_logic%22%3A3%7D","https://down-id.img.susercontent.com/file/sg-11134201-7rau6-maymwpnvpl5cd3","adidas Swimming & Lifestyle Altaswim 2.0 Sandals Kids Unisex Black ID0306","350.000","-30%","Pilih 2, diskon 15%","4.9","2RB+ terjual","https://down-id.img.susercontent.com/file/id-11134258-7r98o-lym7r498wldxcb"
"https://shopee.co.id/adidas-Swimming-Lifestyle-Altaswim-2.0-Sandals-Kids-Unisex-Blue-ID0308-i.270510657.44353132918?extraParams=%7B%22display_model_id%22%3A300259727132%2C%22model_selection_logic%22%3A3%7D","https://down-id.img.susercontent.com/file/id-11134201-7rbk0-mauow3zdzfdld5","adidas Swimming & Lifestyle Altaswim 2.0 Sandals Kids Unisex Blue ID0308","350.000","-30%","Pilih 2, diskon 15%","4.9","281 terjual","https://down-id.img.susercontent.com/file/id-11134258-7r98o-lym7r498wldxcb"
"https://shopee.co.id/adidas-Lifestyle-Summerflex-Shoes-Kids-Unisex-Grey-IH8732-i.270510657.43901206872?extraParams=%7B%22display_model_id%22%3A280096285252%2C%22model_selection_logic%22%3A3%7D","https://down-id.img.susercontent.com/file/id-11134201-7rbk6-mauozribiffd26","adidas Lifestyle Summerflex Shoes Kids Unisex Grey IH8732","630.000","-10%","Pilih 2, diskon 15%","4.9","55 terjual","https://down-id.img.susercontent.com/file/id-11134258-7r98o-lym7r498wldxcb"
"https://shopee.co.id/adidas-Football-Predator-Club-Firm-Multi-Ground-Boots-Kids-Unisex-Orange-JH8867-i.270510657.41767413047?extraParams=%7B%22display_model_id%22%3A261435366130%2C%22model_selection_logic%22%3A3%7D","https://down-id.img.susercontent.com/file/sg-11134201-824g3-me84f4hhvhmvf6","adidas Football Predator Club Firm/Multi-Ground Boots Kids Unisex Orange JH8867","455.000","-30%","Pilih 2, diskon 15%","5.0","12 terjual",""
"https://shopee.co.id/adidas-Lifestyle-Tensaur-Run-2.0-Shoes-Kids-Unisex-Black-IE5985-i.270510657.41901196350?extraParams=%7B%22display_model_id%22%3A270095959102%2C%22model_selection_logic%22%3A3%7D","https://down-id.img.susercontent.com/file/id-11134201-7rbk9-maupgsu3zdnde2","adidas Lifestyle Tensaur Run 2.0 Shoes Kids Unisex Black IE5985","585.000","-10%","Pilih 2, diskon 15%","4.9","140 terjual","https://down-id.img.susercontent.com/file/id-11134258-7r98o-lym7r498wldxcb"
"https://shopee.co.id/adidas-Lifestyle-Bubblecomfy-Shoes-Kids-Unisex-Blue-IH1265-i.270510657.40117019975?extraParams=%7B%22display_model_id%22%3A291406039660%2C%22model_selection_logic%22%3A3%7D","https://down-id.img.susercontent.com/file/sg-11134201-824g7-me4z60zbxzb867","adidas Lifestyle Bubblecomfy Shoes Kids Unisex Blue IH1265","495.000","-10%","Pilih 2, diskon 15%","5.0","30 terjual","https://down-id.img.susercontent.com/file/id-11134258-7r98o-lym7r498wldxcb"
"https://shopee.co.id/adidas-Running-Lifestyle-Tensaur-Run-2.0-Shoes-Kids-Unisex-White-IE5984-i.270510657.43717019747?extraParams=%7B%22display_model_id%22%3A291406006994%2C%22model_selection_logic%22%3A3%7D","https://down-id.img.susercontent.com/file/sg-11134201-824iz-me4yxbpguxaeb7","adidas Running & Lifestyle Tensaur Run 2.0 Shoes Kids Unisex White IE5984","495.000","-10%","Pilih 2, diskon 15%","5.0","122 terjual","https://down-id.img.susercontent.com/file/id-11134258-7r98o-lym7r498wldxcb"
"https://shopee.co.id/adidas-Tennis-Lifestyle-Advantage-Base-2.0-Shoes-Kids-Unisex-Black-IE9018-i.270510657.41923207973?extraParams=%7B%22display_model_id%22%3A306886878575%2C%22model_selection_logic%22%3A3%7D","https://down-id.img.susercontent.com/file/sg-11134201-824ie-mfkwth6pxvrce4","adidas Tennis & Lifestyle Advantage Base 2.0 Shoes Kids Unisex Black IE9018","585.000","-10%","Pilih 2, diskon 15%","5.0","23 terjual","https://down-id.img.susercontent.com/file/id-11134258-7r98o-lym7r498wldxcb"
"https://shopee.co.id/adidas-Skateboarding-Lifestyle-VL-Court-3.0-Shoes-Unisex-White-ID9062-i.270510657.42454447803?extraParams=%7B%22display_model_id%22%3A295376142001%2C%22model_selection_logic%22%3A3%7D","https://down-id.img.susercontent.com/file/id-11134207-822wi-mmr15dupgw7786","adidas Skateboarding & Lifestyle VL Court 3.0 Shoes Unisex White ID9062","675.000","-10%","Pilih 2, diskon 15%","5.0","202 terjual","https://down-id.img.susercontent.com/file/id-11134258-7r98o-lym7r498wldxcb"
"https://shopee.co.id/adidas-Running-Lifestyle-Ultrarun-5-Shoes-Kids-Unisex-Black-IF4143-i.270510657.44175777132?extraParams=%7B%22display_model_id%22%3A167354369727%2C%22model_selection_logic%22%3A3%7D","https://down-id.img.susercontent.com/file/sg-11134201-825b1-mg77qcjcfjf348","adidas Running & Lifestyle Ultrarun 5 Shoes Kids Unisex Black IF4143","700.000","-30%","Pilih 2, diskon 15%","5.0","116 terjual","https://down-id.img.susercontent.com/file/id-11134258-7r98o-lym7r498wldxcb"
"https://shopee.co.id/adidas-Football-Copa-Pure-3-League-Firm-Multi-Ground-Boots-Kids-Unisex-White-JR2886-i.270510657.41615266417?extraParams=%7B%22display_model_id%22%3A261262025159%2C%22model_selection_logic%22%3A3%7D","https://down-id.img.susercontent.com/file/sg-11134201-824gh-mdwuddoya32c3b","adidas Football Copa Pure 3 League Firm/Multi-Ground Boots Kids Unisex White JR2886","560.000","-30%","Pilih 2, diskon 15%","5.0","20 terjual",""
"https://shopee.co.id/adidas-Lifestyle-Breaknet-3.0-Shoes-Kids-Unisex-White-JS3688-i.270510657.40565320187?extraParams=%7B%22display_model_id%22%3A301265044597%2C%22model_selection_logic%22%3A3%7D","https://down-id.img.susercontent.com/file/sg-11134201-824ie-mdx4f7rbq61322","adidas Lifestyle Breaknet 3.0 Shoes Kids Unisex White JS3688","550.000","","","4.7","67 terjual","https://down-id.img.susercontent.com/file/id-11134258-7r98o-lym7r498wldxcb"
"https://shopee.co.id/adidas-Football-Manchester-United-25-26-Away-Jersey-Unisex-White-JP3030-i.270510657.42315296230?extraParams=%7B%22display_model_id%22%3A206227357141%2C%22model_selection_logic%22%3A3%7D","https://down-id.img.susercontent.com/file/sg-11134201-824i1-mdx11ll588w05c","adidas Football Manchester United 25/26 Away Jersey Unisex White JP3030","760.000","-20%","Pilih 2, diskon 15%","5.0","6 terjual","https://down-id.img.susercontent.com/file/id-11134258-7r98o-lym7r498wldxcb"
"https://shopee.co.id/adidas-Lifestyle-Linear-Ankle-Socks-5-Pairs-Kids-Unisex-Blue-JF8542-i.270510657.40201182909?extraParams=%7B%22display_model_id%22%3A305094912293%2C%22model_selection_logic%22%3A3%7D","https://down-id.img.susercontent.com/file/sg-11134201-821fo-mh9ptb4smd5b11","adidas Lifestyle Linear Ankle Socks 5 Pairs Kids Unisex Blue JF8542","210.000","-30%","Pilih 2, diskon 15%","5.0","23 terjual","https://down-id.img.susercontent.com/file/id-11134258-7r98o-lym7r498wldxcb"
"https://shopee.co.id/adidas-Swimming-Lifestyle-Adilette-Aqua-Slides-Kids-Unisex-Black-F35556-i.270510657.24638525457?extraParams=%7B%22display_model_id%22%3A185568683585%2C%22model_selection_logic%22%3A3%7D","https://down-id.img.susercontent.com/file/sg-11134201-8261i-mk35m2w512is50","adidas Swimming & Lifestyle Adilette Aqua Slides Kids Unisex Black F35556","380.000","","","5.0","604 terjual","https://down-id.img.susercontent.com/file/id-11134258-7r98o-lym7r498wldxcb"
"https://shopee.co.id/adidas-Lifestyle-Lightblaze-Shoes-Kids-Unisex-White-JQ4758-i.270510657.41167023325?extraParams=%7B%22display_model_id%22%3A253846797844%2C%22model_selection_logic%22%3A3%7D","https://down-id.img.susercontent.com/file/sg-11134201-824hn-me4yvb8c426bc3","adidas Lifestyle Lightblaze Shoes Kids Unisex White JQ4758","810.000","-10%","Pilih 2, diskon 15%","4.9 Penilaian Toko","","https://down-id.img.susercontent.com/file/id-11134258-7r98o-lym7r498wldxcb"
"https://shopee.co.id/adidas-Lifestyle-Campus-Vulc-Shoes-Kids-Unisex-Grey-IH8039-i.270510657.43451197417?extraParams=%7B%22display_model_id%22%3A109502048447%2C%22model_selection_logic%22%3A3%7D","https://down-id.img.susercontent.com/file/id-11134201-7rbk9-maup3emtmjec95","adidas Lifestyle Campus Vulc Shoes Kids Unisex Grey IH8039","600.000","-40%","Pilih 2, diskon 15%","5.0","33 terjual","https://down-id.img.susercontent.com/file/id-11134258-7r98o-lym7r498wldxcb"
"https://shopee.co.id/adidas-Lifestyle-Adifom-Adilette-Slides-Kids-Unisex-Black-IG8167-i.270510657.42350800521?extraParams=%7B%22display_model_id%22%3A265063497920%2C%22model_selection_logic%22%3A3%7D","https://down-id.img.susercontent.com/file/id-11134201-7rbk6-maupcu2nbs0pc1","adidas Lifestyle Adifom Adilette Slides Kids Unisex Black IG8167","490.000","-30%","Pilih 2, diskon 15%","5.0","435 terjual","https://down-id.img.susercontent.com/file/id-11134258-7r98o-lym7r498wldxcb"
"https://shopee.co.id/adidas-Lifestyle-Food-Graphic-Tee-Kids-Unisex-Green-JV5250-i.270510657.26840530365?extraParams=%7B%22display_model_id%22%3A276261573955%2C%22model_selection_logic%22%3A3%7D","https://down-id.img.susercontent.com/file/sg-11134201-825bc-mgecjpa5zcp5bf","adidas Lifestyle Food Graphic Tee Kids Unisex Green JV5250","280.000","-30%","Pilih 2, diskon 15%","5.0","58 terjual","https://down-id.img.susercontent.com/file/id-11134258-7r98o-lym7r498wldxcb"
"https://shopee.co.id/adidas-Lifestyle-Summerflex-Shoes-Kids-Unisex-Grey-IH8730-i.270510657.44404447157?extraParams=%7B%22display_model_id%22%3A290376016715%2C%22model_selection_logic%22%3A3%7D","https://down-id.img.susercontent.com/file/sg-11134201-8261q-mjq9ppc2sfls96","adidas Lifestyle Summerflex Shoes Kids Unisex Grey IH8730","765.000","-10%","Pilih 2, diskon 15%","4.9","80 terjual","https://down-id.img.susercontent.com/file/id-11134258-7r98o-lym7r498wldxcb"
"https://shopee.co.id/adidas-Football-F50-League-Firm-Multi-Ground-Boots-Kids-Unisex-White-JH7745-i.270510657.26790504426?extraParams=%7B%22display_model_id%22%3A291260470514%2C%22model_selection_logic%22%3A3%7D","https://down-id.img.susercontent.com/file/sg-11134201-824j7-mdwqbd2b7cw20c","adidas Football F50 League Firm/Multi-Ground Boots Kids Unisex White JH7745","665.000","-30%","Pilih 2, diskon 15%","5.0","136 terjual","https://down-id.img.susercontent.com/file/id-11134258-7r98o-lym7r498wldxcb"
"https://shopee.co.id/adidas-Lifestyle-adidas-Marvel-Spider-Man-Cap-Kids-Unisex-Red-JM1830-i.270510657.27140533399?extraParams=%7B%22display_model_id%22%3A208666337343%2C%22model_selection_logic%22%3A3%7D","https://down-id.img.susercontent.com/file/sg-11134201-824gs-mdx4ais6yosh82","adidas Lifestyle adidas Marvel Spider Man Cap Kids Unisex Red JM1830","405.000","-10%","Pilih 2, diskon 15%","5.0","21 terjual","https://down-id.img.susercontent.com/file/id-11134258-7r98o-lym7r498wldxcb"
"https://shopee.co.id/adidas-Football-Copa-Pure-3-League-Firm-Multi-Ground-Boots-Kids-Unisex-Black-JR2883-i.270510657.41815270251?extraParams=%7B%22display_model_id%22%3A306261300421%2C%22model_selection_logic%22%3A3%7D","https://down-id.img.susercontent.com/file/sg-11134201-824hk-mdwtsaya38jk3a","adidas Football Copa Pure 3 League Firm/Multi-Ground Boots Kids Unisex Black JR2883","720.000","-10%","Pilih 2, diskon 15%","4.9 Penilaian Toko","","https://down-id.img.susercontent.com/file/id-11134258-7r98o-lym7r498wldxcb"
"https://shopee.co.id/adidas-Football-Deportivo-III-Flexible-Ground-Boots-Kids-Men-Black-IF1407-i.270510657.26740989496?extraParams=%7B%22display_model_id%22%3A296406097257%2C%22model_selection_logic%22%3A3%7D","https://down-id.img.susercontent.com/file/sg-11134201-824iv-me4zgk185rsw01","adidas Football Deportivo III Flexible Ground Boots Kids Men Black IF1407","550.000","","","5.0","37 terjual","https://down-id.img.susercontent.com/file/id-11134258-7r98o-lym7r498wldxcb"
"https://shopee.co.id/adidas-Tennis-Lifestyle-Advantage-Base-2.0-Shoes-Kids-Unisex-White-IE9020-i.270510657.43823198723?extraParams=%7B%22display_model_id%22%3A291886882879%2C%22model_selection_logic%22%3A3%7D","https://down-id.img.susercontent.com/file/sg-11134201-824j2-mfkwtjq08c9803","adidas Tennis & Lifestyle Advantage Base 2.0 Shoes Kids Unisex White IE9020","550.000","","","4.9","39 terjual","https://down-id.img.susercontent.com/file/id-11134258-7r98o-lym7r498wldxcb"
"https://shopee.co.id/adidas-Lifestyle-Logo-Backpack-Kids-Unisex-Black-JD1303-i.270510657.41704448797?extraParams=%7B%22display_model_id%22%3A275376397368%2C%22model_selection_logic%22%3A3%7D","https://down-id.img.susercontent.com/file/sg-11134201-7rdyi-mda5nxq731hwf6","adidas Lifestyle Logo Backpack Kids Unisex Black JD1303","360.000","-10%","Pilih 2, diskon 15%","4.9","240 terjual","https://down-id.img.susercontent.com/file/id-11134258-7r98o-lym7r498wldxcb"
"https://shopee.co.id/adidas-Tennis-Lifestyle-ADIDAS-STAR-WARS-GRAND-COURT-2.0-SHOES-KIDS-Unisex-White-IH7532-i.270510657.28518092778?extraParams=%7B%22display_model_id%22%3A168549465846%2C%22model_selection_logic%22%3A3%7D","https://down-id.img.susercontent.com/file/id-11134201-7rbk8-mauqnlq72n4i3d","adidas Tennis & Lifestyle ADIDAS STAR WARS GRAND COURT 2.0 SHOES KIDS Unisex White IH7532","540.000","-40%","Pilih 2, diskon 15%","5.0","44 terjual","https://down-id.img.susercontent.com/file/id-11134258-7r98o-lym7r498wldxcb"
"https://shopee.co.id/adidas-Football-F50-League-Indoor-Boots-Kids-Unisex-Orange-JH7749-i.270510657.43367408015?extraParams=%7B%22display_model_id%22%3A301434927775%2C%22model_selection_logic%22%3A3%7D","https://down-id.img.susercontent.com/file/sg-11134201-824jj-me84dlwe794zf1","adidas Football F50 League Indoor Boots Kids Unisex Orange JH7749","665.000","-30%","Pilih 2, diskon 15%","4.9","15 terjual","https://down-id.img.susercontent.com/file/id-11134258-7r98o-lym7r498wldxcb"
"https://shopee.co.id/adidas-Skateboarding-Lifestyle-VL-Court-3.0-Shoes-Kids-Unisex-White-ID9157-i.270510657.41150795367?extraParams=%7B%22display_model_id%22%3A265063423584%2C%22model_selection_logic%22%3A3%7D","https://down-id.img.susercontent.com/file/id-11134211-822wo-mlvt7uw3e2o833","adidas Skateboarding & Lifestyle VL Court 3.0 Shoes Kids Unisex White ID9157","700.000","","","5.0","35 terjual","https://down-id.img.susercontent.com/file/id-11134258-7r98o-lym7r498wldxcb"
"https://shopee.co.id/adidas-Football-F50-League-Turf-Boots-Kids-Unisex-Black-JH9999-i.270510657.42965247806?extraParams=%7B%22display_model_id%22%3A253800249787%2C%22model_selection_logic%22%3A3%7D","https://down-id.img.susercontent.com/file/sg-11134201-824hi-mdwq5n3y2tj58d","adidas Football F50 League Turf Boots Kids Unisex Black JH9999","950.000","","","4.9 Penilaian Toko","","https://down-id.img.susercontent.com/file/id-11134258-7r98o-lym7r498wldxcb"
"https://shopee.co.id/adidas-Football-Predator-League-Turf-Boots-Kids-Unisex-White-JI1149-i.270510657.40315247612?extraParams=%7B%22display_model_id%22%3A258800275311%2C%22model_selection_logic%22%3A3%7D","https://down-id.img.susercontent.com/file/sg-11134201-824iv-mdwq8aem0suf81","adidas Football Predator League Turf Boots Kids Unisex White JI1149","950.000","","","4.9 Penilaian Toko","","https://down-id.img.susercontent.com/file/id-11134258-7r98o-lym7r498wldxcb"
"https://shopee.co.id/adidas-Lifestyle-Food-Graphic-Tee-Kids-Unisex-White-JV5248-i.270510657.40465252794?extraParams=%7B%22display_model_id%22%3A301260529738%2C%22model_selection_logic%22%3A3%7D","https://down-id.img.susercontent.com/file/sg-11134201-8257t-mgeckr9r277sba","adidas Lifestyle Food Graphic Tee Kids Unisex White JV5248","280.000","-30%","Pilih 2, diskon 15%","5.0","76 terjual","https://down-id.img.susercontent.com/file/id-11134258-7r98o-lym7r498wldxcb"
"https://shopee.co.id/adidas-Lifestyle-Team-Court-2.0-STR-Shoes-Kids-Unisex-Black-ID6630-i.270510657.26786562829?extraParams=%7B%22display_model_id%22%3A275062850841%2C%22model_selection_logic%22%3A3%7D","https://down-id.img.susercontent.com/file/sg-11134201-820nc-mncrn67v2nsx09","adidas Lifestyle Team Court 2.0 STR Shoes Kids Unisex Black ID6630","770.000","-30%","Pilih 2, diskon 15%","4.9","47 terjual","https://down-id.img.susercontent.com/file/id-11134258-7r98o-lym7r498wldxcb"
"https://shopee.co.id/adidas-Football-Predator-League-Indoor-Boots-Kids-Unisex-Orange-JI1160-i.270510657.42767399826?extraParams=%7B%22display_model_id%22%3A281434919385%2C%22model_selection_logic%22%3A3%7D","https://down-id.img.susercontent.com/file/sg-11134201-824j3-me84didots74d9","adidas Football Predator League Indoor Boots Kids Unisex Orange JI1160","855.000","-10%","Pilih 2, diskon 15%","4.9 Penilaian Toko","","https://down-id.img.susercontent.com/file/id-11134258-7r98o-lym7r498wldxcb"
"https://shopee.co.id/adidas-Football-Predator-League-Firm-Multi-Ground-Boots-Kids-Unisex-Black-JI1122-i.270510657.42515252135?extraParams=%7B%22display_model_id%22%3A296260407709%2C%22model_selection_logic%22%3A3%7D","https://down-id.img.susercontent.com/file/sg-11134201-824h5-mdwq282a21vm5e","adidas Football Predator League Firm/Multi-Ground Boots Kids Unisex Black JI1122","950.000","","","4.9 Penilaian Toko","","https://down-id.img.susercontent.com/file/id-11134258-7r98o-lym7r498wldxcb"
"https://shopee.co.id/adidas-Lifestyle-adidas-Z.N.E.-Fitted-Crop-Tee-Kids-Women-White-JD1317-i.270510657.43467035072?extraParams=%7B%22display_model_id%22%3A248846841955%2C%22model_selection_logic%22%3A3%7D","https://down-id.img.susercontent.com/file/sg-11134201-824ha-me4zg7ulo2kl5b","adidas Lifestyle adidas Z.N.E. Fitted Crop Tee Kids Women White JD1317","301.000","-30%","Pilih 2, diskon 15%","4.9 Penilaian Toko","","https://down-id.img.susercontent.com/file/id-11134258-7r98o-lym7r498wldxcb"
"https://shopee.co.id/adidas-Lifestyle-Essentials-Shorts-Kids-Unisex-Black-JE0310-i.270510657.27336665782?extraParams=%7B%22display_model_id%22%3A168933296388%2C%22model_selection_logic%22%3A3%7D","https://down-id.img.susercontent.com/file/sg-11134201-7rdvh-mc21w6mgol2md1","adidas Lifestyle Essentials Shorts Kids Unisex Black JE0310","380.000","","","5.0","24 terjual","https://down-id.img.susercontent.com/file/id-11134258-7r98o-lym7r498wldxcb"
"https://shopee.co.id/adidas-Lifestyle-Breaknet-3.0-Shoes-Kids-Unisex-White-JS3686-i.270510657.40265255392?extraParams=%7B%22display_model_id%22%3A286260624902%2C%22model_selection_logic%22%3A3%7D","https://down-id.img.susercontent.com/file/sg-11134201-8262b-mka8pm2g8ikl80","adidas Lifestyle Breaknet 3.0 Shoes Kids Unisex White JS3686","550.000","","","5.0","43 terjual","https://down-id.img.susercontent.com/file/id-11134258-7r98o-lym7r498wldxcb"
"https://shopee.co.id/adidas-Football-F50-Club-Firm-Multi-Ground-Boots-Kids-Unisex-Black-JI0028-i.270510657.41065248294?extraParams=%7B%22display_model_id%22%3A301260579217%2C%22model_selection_logic%22%3A3%7D","https://down-id.img.susercontent.com/file/sg-11134201-824hk-mdwqwv7si9dtd5","adidas Football F50 Club Firm/Multi-Ground Boots Kids Unisex Black JI0028","650.000","","","4.9 Penilaian Toko","","https://down-id.img.susercontent.com/file/id-11134258-7r98o-lym7r498wldxcb"
"https://shopee.co.id/adidas-Tennis-Lifestyle-adidas-x-Smiley-Advantage-Base-2.0-Shoes-Kids-Unisex-White-IH6276-i.270510657.43217028164?extraParams=%7B%22display_model_id%22%3A228064700319%2C%22model_selection_logic%22%3A3%7D","https://down-id.img.susercontent.com/file/sg-11134201-824gb-me4yju7ue2va62","adidas Tennis & Lifestyle adidas x Smiley Advantage Base 2.0 Shoes Kids Unisex White IH6276","700.000","-30%","Pilih 2, diskon 15%","5.0","18 terjual","https://down-id.img.susercontent.com/file/id-11134258-7r98o-lym7r498wldxcb"
"https://shopee.co.id/adidas-Football-Predator-League-Firm-Multi-Ground-Boots-Kids-Unisex-White-JI1125-i.270510657.42715252151?extraParams=%7B%22display_model_id%22%3A169037095127%2C%22model_selection_logic%22%3A3%7D","https://down-id.img.susercontent.com/file/sg-11134201-824hb-mdwq2cv4n01vac","adidas Football Predator League Firm/Multi-Ground Boots Kids Unisex White JI1125","855.000","-10%","Pilih 2, diskon 15%","5.0","7 terjual","https://down-id.img.susercontent.com/file/id-11134258-7r98o-lym7r498wldxcb"
"https://shopee.co.id/adidas-Football-F50-League-Turf-Boots-Kids-Unisex-Purple-JI0000-i.270510657.44065308431?extraParams=%7B%22display_model_id%22%3A281265071815%2C%22model_selection_logic%22%3A3%7D","https://down-id.img.susercontent.com/file/sg-11134201-824h1-mdx4j9krmdc4be","adidas Football F50 League Turf Boots Kids Unisex Purple JI0000","950.000","","","4.9 Penilaian Toko","","https://down-id.img.susercontent.com/file/id-11134258-7r98o-lym7r498wldxcb"
"https://shopee.co.id/adidas-Football-F50-Club-Firm-Multi-Ground-Boots-Kids-Unisex-Purple-JI0030-i.270510657.42415256172?extraParams=%7B%22display_model_id%22%3A281260895944%2C%22model_selection_logic%22%3A3%7D","https://down-id.img.susercontent.com/file/sg-11134201-824h7-mdwsdy779gqq03","adidas Football F50 Club Firm/Multi-Ground Boots Kids Unisex Purple JI0030","650.000","","","5.0","7 terjual","https://down-id.img.susercontent.com/file/id-11134258-7r98o-lym7r498wldxcb"
"https://shopee.co.id/adidas-Lifestyle-Adifom-Adilette-Slides-Kids-Unisex-Black-IG8166-i.270510657.42053055305?extraParams=%7B%22display_model_id%22%3A305251908038%2C%22model_selection_logic%22%3A3%7D","https://down-id.img.susercontent.com/file/id-11134201-7rbk0-maupfcbqtov81a","adidas Lifestyle Adifom Adilette Slides Kids Unisex Black IG8166","750.000","","","5.0","82 terjual","https://down-id.img.susercontent.com/file/id-11134258-7r98o-lym7r498wldxcb"
"https://shopee.co.id/adidas-Football-F50-League-Firm-Multi-Ground-Boots-Kids-Unisex-Purple-JH7747-i.270510657.44365255906?extraParams=%7B%22display_model_id%22%3A253800385369%2C%22model_selection_logic%22%3A3%7D","https://down-id.img.susercontent.com/file/sg-11134201-824hv-mdws1bz1gveqb8","adidas Football F50 League Firm/Multi-Ground Boots Kids Unisex Purple JH7747","855.000","-10%","Pilih 2, diskon 15%","4.9 Penilaian Toko","","https://down-id.img.susercontent.com/file/id-11134258-7r98o-lym7r498wldxcb"
"https://shopee.co.id/adidas-Lifestyle-Future-Icons-Logo-Above-Knee-Shorts-Kids-Unisex-Black-JI6266-i.270510657.41867028253?extraParams=%7B%22display_model_id%22%3A281405973772%2C%22model_selection_logic%22%3A3%7D","https://down-id.img.susercontent.com/file/sg-11134201-824ii-me4ypzubsow077","adidas Lifestyle Future Icons Logo Above-Knee Shorts Kids Unisex Black JI6266","270.000","-40%","Pilih 2, diskon 15%","4.9 Penilaian Toko","",""
"https://shopee.co.id/adidas-Football-F50-Messi-League-Firm-Multi-Ground-Boots-Kids-Unisex-White-JP7454-i.270510657.43315255311?extraParams=%7B%22display_model_id%22%3A301260676550%2C%22model_selection_logic%22%3A3%7D","https://down-id.img.susercontent.com/file/sg-11134201-824gv-mdwrbjrysoap95","adidas Football F50 Messi League Firm/Multi-Ground Boots Kids Unisex White JP7454","570.000","-40%","Pilih 2, diskon 15%","5.0","2 terjual","https://down-id.img.susercontent.com/file/id-11134258-7r98o-lym7r498wldxcb"
"https://shopee.co.id/adidas-Lifestyle-Lightblaze-Shoes-Kids-Unisex-Black-JQ4757-i.270510657.43767019966?extraParams=%7B%22display_model_id%22%3A261406468574%2C%22model_selection_logic%22%3A3%7D","https://down-id.img.susercontent.com/file/sg-11134201-824i3-me4z4lh0azuoa5","adidas Lifestyle Lightblaze Shoes Kids Unisex Black JQ4757","900.000","","","5.0","8 terjual","https://down-id.img.susercontent.com/file/id-11134258-7r98o-lym7r498wldxcb"
"https://shopee.co.id/adidas-Football-F50-League-Firm-Multi-Ground-Boots-Kids-Unisex-Orange-JH7746-i.270510657.43267399828?extraParams=%7B%22display_model_id%22%3A186248127220%2C%22model_selection_logic%22%3A3%7D","https://down-id.img.susercontent.com/file/sg-11134201-824h2-me84dt6tqj2f50","adidas Football F50 League Firm/Multi-Ground Boots Kids Unisex Orange JH7746","665.000","-30%","Pilih 2, diskon 15%","5.0","16 terjual","https://down-id.img.susercontent.com/file/id-11134258-7r98o-lym7r498wldxcb"
"https://shopee.co.id/adidas-Golf-Ultimate365-Adjustable-Shorts-Kids-Men-Blue-IU3505-i.270510657.29718083699?extraParams=%7B%22display_model_id%22%3A242063165888%2C%22model_selection_logic%22%3A3%7D","https://down-id.img.susercontent.com/file/sg-11134201-7rat8-mayh50ud7kpcc0","adidas Golf Ultimate365 Adjustable Shorts Kids Men Blue IU3505","490.000","-30%","Pilih 2, diskon 15%","5.0","36 terjual","https://down-id.img.susercontent.com/file/id-11134258-7r98o-lym7r498wldxcb"
"https://shopee.co.id/adidas-Lifestyle-Lightblaze-Shoes-Kids-Unisex-Grey-JQ4759-i.270510657.26590994478?extraParams=%7B%22display_model_id%22%3A253846799031%2C%22model_selection_logic%22%3A3%7D","https://down-id.img.susercontent.com/file/sg-11134201-824gf-me4yz4d4wkjp14","adidas Lifestyle Lightblaze Shoes Kids Unisex Grey JQ4759","900.000","","","5.0","15 terjual","https://down-id.img.susercontent.com/file/id-11134258-7r98o-lym7r498wldxcb"
"https://shopee.co.id/adidas-Lifestyle-Campus-Vulc-Shoes-Kids-Unisex-Black-IH8038-i.270510657.26586670652?extraParams=%7B%22display_model_id%22%3A149185601772%2C%22model_selection_logic%22%3A3%7D","https://down-id.img.susercontent.com/file/id-11134201-7rbk9-maur8nolwbqjbb","adidas Lifestyle Campus Vulc Shoes Kids Unisex Black IH8038","600.000","-40%","Pilih 2, diskon 15%","4.9","51 terjual","https://down-id.img.susercontent.com/file/id-11134258-7r98o-lym7r498wldxcb"
"https://shopee.co.id/adidas-Lifestyle-Adifom-Adilette-Slides-Kids-Unisex-Beige-IG8429-i.270510657.43003050601?extraParams=%7B%22display_model_id%22%3A305251987577%2C%22model_selection_logic%22%3A3%7D","https://down-id.img.susercontent.com/file/sg-11134201-81zwn-mmu5gxmlc4qoe0","adidas Lifestyle Adifom Adilette Slides Kids Unisex Beige IG8429","525.000","-30%","Pilih 2, diskon 15%","5.0","31 terjual","https://down-id.img.susercontent.com/file/id-11134258-7r98o-lym7r498wldxcb"
"https://shopee.co.id/adidas-Football-Predator-Club-Indoor-Sala-Boots-Kids-Unisex-Orange-JH8860-i.270510657.29941096719?extraParams=%7B%22display_model_id%22%3A29940453218%2C%22model_selection_logic%22%3A3%7D","https://down-id.img.susercontent.com/file/sg-11134201-824h8-me84f1v9arra9e","adidas Football Predator Club Indoor Sala Boots Kids Unisex Orange JH8860","455.000","-30%","Pilih 2, diskon 15%","5.0","202 terjual","https://down-id.img.susercontent.com/file/id-11134258-7r98o-lym7r498wldxcb"
"https://shopee.co.id/adidas-Lifestyle-Adicolor-Shorts-Tee-Set-Kids-Unisex-Green-JC9159-i.270510657.44267019852?extraParams=%7B%22display_model_id%22%3A253846807724%2C%22model_selection_logic%22%3A3%7D","https://down-id.img.susercontent.com/file/sg-11134201-824g2-me4z52vxz4sje8","adidas Lifestyle Adicolor Shorts Tee Set Kids Unisex Green JC9159","560.000","-30%","Pilih 2, diskon 15%","5.0","165 terjual","https://down-id.img.susercontent.com/file/id-11134258-7r98o-lym7r498wldxcb"
"https://shopee.co.id/adidas-Football-Squadra-25-Jersey-Kids-Unisex-Black-JJ0052-i.270510657.42265252253?extraParams=%7B%22display_model_id%22%3A276260428675%2C%22model_selection_logic%22%3A3%7D","https://down-id.img.susercontent.com/file/sg-11134201-824gc-mdwq6cc72dj5f0","adidas Football Squadra 25 Jersey Kids Unisex Black JJ0052","300.000","","","5.0","49 terjual","https://down-id.img.susercontent.com/file/id-11134258-7r98o-lym7r498wldxcb"
"https://shopee.co.id/adidas-Football-Predator-League-Firm-Multi-Ground-Boots-Kids-Unisex-Orange-JI1123-i.270510657.44367399849?extraParams=%7B%22display_model_id%22%3A261435356847%2C%22model_selection_logic%22%3A3%7D","https://down-id.img.susercontent.com/file/sg-11134201-824j8-me84elzt3ldza1","adidas Football Predator League Firm/Multi-Ground Boots Kids Unisex Orange JI1123","665.000","-30%","Pilih 2, diskon 15%","5.0","10 terjual","https://down-id.img.susercontent.com/file/id-11134258-7r98o-lym7r498wldxcb"
"https://shopee.co.id/adidas-Football-Predator-League-Fold-Over-Tongue-Firm-Multi-Ground-Boots-Kids-Unisex-Orange-JP9918-i.270510657.44267408022?extraParams=%7B%22display_model_id%22%3A296434924484%2C%22model_selection_logic%22%3A3%7D","https://down-id.img.susercontent.com/file/sg-11134201-824hm-me84e7dyk7b5c4","adidas Football Predator League Fold-Over Tongue Firm/Multi-Ground Boots Kids Unisex Orange JP9918","770.000","-30%","Pilih 2, diskon 15%","5.0","9 terjual","https://down-id.img.susercontent.com/file/id-11134258-7r98o-lym7r498wldxcb"
"https://shopee.co.id/adidas-Football-F50-Sparkfusion-League-Firm-Ground-Artificial-Grass-Boots-Kids-Unisex-Purple-JR3959-i.270510657.44015266580?extraParams=%7B%22display_model_id%22%3A301261502761%2C%22model_selection_logic%22%3A3%7D","https://down-id.img.susercontent.com/file/sg-11134201-824gj-mdwuer57sfeu98","adidas Football F50 Sparkfusion League Firm Ground/Artificial Grass Boots Kids Unisex Purple JR3959","665.000","-30%","Pilih 2, diskon 15%","4.6","36 terjual","https://down-id.img.susercontent.com/file/id-11134258-7r98o-lym7r498wldxcb"
"https://shopee.co.id/adidas-Lifestyle-Teamgeist-Track-Top-Kids-Unisex-Turquoise-JC7888-i.270510657.41205707537?extraParams=%7B%22display_model_id%22%3A216132223527%2C%22model_selection_logic%22%3A3%7D","https://down-id.img.susercontent.com/file/sg-11134201-8259f-mgfuga47buvjaa","adidas Lifestyle Teamgeist Track Top Kids Unisex Turquoise JC7888","600.000","-40%","Pilih 2, diskon 15%","5.0","19 terjual","https://down-id.img.susercontent.com/file/id-11134258-7r98o-lym7r498wldxcb"
"https://shopee.co.id/adidas-Football-F50-Club-Hook-and-Loop-Firm-Multi-Ground-Boots-Kids-Unisex-Purple-JI0036-i.270510657.28340504551?extraParams=%7B%22display_model_id%22%3A253800304752%2C%22model_selection_logic%22%3A3%7D","https://down-id.img.susercontent.com/file/sg-11134201-824g4-mdwr0g8lhu6f1e","adidas Football F50 Club Hook-and-Loop Firm/Multi-Ground Boots Kids Unisex Purple JI0036","650.000","","","5.0","3 terjual","https://down-id.img.susercontent.com/file/id-11134258-7r98o-lym7r498wldxcb"
"https://shopee.co.id/adidas-Football-Copa-Pure-3-League-Firm-Multi-Ground-Boots-Kids-Unisex-Black-IE1193-i.270510657.42665217913?extraParams=%7B%22display_model_id%22%3A281258664417%2C%22model_selection_logic%22%3A3%7D","https://down-id.img.susercontent.com/file/sg-11134201-824gx-mdwk36t8y32e87","adidas Football Copa Pure 3 League Firm/Multi-Ground Boots Kids Unisex Black IE1193","400.000","-50%","Pilih 2, diskon 15%","4.9","87 terjual","https://down-id.img.susercontent.com/file/id-11134258-7r98o-lym7r498wldxcb"
"https://shopee.co.id/adidas-Football-Predator-League-Fold-Over-Tongue-Firm-Multi-Ground-Boots-Kids-Unisex-White-JP9916-i.270510657.43365265003?extraParams=%7B%22display_model_id%22%3A243800464868%2C%22model_selection_logic%22%3A3%7D","https://down-id.img.susercontent.com/file/sg-11134201-824hh-mdwsztz5p3pjb1","adidas Football Predator League Fold-Over Tongue Firm/Multi-Ground Boots Kids Unisex White JP9916","990.000","-10%","Pilih 2, diskon 15%","5.0","8 terjual","https://down-id.img.susercontent.com/file/id-11134258-7r98o-lym7r498wldxcb"
"https://shopee.co.id/adidas-Football-Copa-Pure-3-Club-Firm-Multi-Ground-Boots-Kids-Unisex-Black-JR2905-i.270510657.25696618324?extraParams=%7B%22display_model_id%22%3A276265201531%2C%22model_selection_logic%22%3A3%7D","https://down-id.img.susercontent.com/file/sg-11134201-824gz-mdx52a0iq29zcf","adidas Football Copa Pure 3 Club Firm/Multi-Ground Boots Kids Unisex Black JR2905","550.000","","","5.0","11 terjual","https://down-id.img.susercontent.com/file/id-11134258-7r98o-lym7r498wldxcb"
"https://shopee.co.id/adidas-Swimming-Lifestyle-Adilette-Aqua-Slides-Kids-Unisex-Blue-ID2621-i.270510657.27318083376?extraParams=%7B%22display_model_id%22%3A147561074077%2C%22model_selection_logic%22%3A3%7D","https://down-id.img.susercontent.com/file/id-11134201-7rbkd-maur0nazxylnca","adidas Swimming & Lifestyle Adilette Aqua Slides Kids Unisex Blue ID2621","266.000","-30%","Pilih 2, diskon 15%","5.0","89 terjual",""
"https://shopee.co.id/adidas-Football-Predator-League-Firm-Ground-Boots-Kids-Unisex-Blue-ID0911-i.270510657.43750789838?extraParams=%7B%22display_model_id%22%3A260063494885%2C%22model_selection_logic%22%3A3%7D","https://down-id.img.susercontent.com/file/id-11134201-7rbk5-maup14ojjwya4a","adidas Football Predator League Firm Ground Boots Kids Unisex Blue ID0911","665.000","-30%","Pilih 2, diskon 15%","4.9","58 terjual","https://down-id.img.susercontent.com/file/id-11134258-7r98o-lym7r498wldxcb"
"https://shopee.co.id/adidas-Football-Predator-Club-Firm-Multi-Ground-Boots-Kids-Unisex-White-JH8868-i.270510657.41365239978?extraParams=%7B%22display_model_id%22%3A286260484995%2C%22model_selection_logic%22%3A3%7D","https://down-id.img.susercontent.com/file/sg-11134201-824hl-mdwqf2mlqfwl36","adidas Football Predator Club Firm/Multi-Ground Boots Kids Unisex White JH8868","650.000","","","4.8","7 terjual","https://down-id.img.susercontent.com/file/id-11134258-7r98o-lym7r498wldxcb"
"https://shopee.co.id/adidas-Golf-Ultimate-Adjustable-Pants-Kids-Men-Black-IU3504-i.270510657.27818092695?extraParams=%7B%22display_model_id%22%3A148892667380%2C%22model_selection_logic%22%3A3%7D","https://down-id.img.susercontent.com/file/id-11134201-7rbk2-mauqvafq55wee8","adidas Golf Ultimate Adjustable Pants Kids Men Black IU3504","525.000","-30%","Pilih 2, diskon 15%","5.0","58 terjual","https://down-id.img.susercontent.com/file/id-11134258-7r98o-lym7r498wldxcb"
"https://shopee.co.id/adidas-Football-Copa-Pure-3-League-Firm-Multi-Ground-Boots-Kids-Unisex-Black-JR2884-i.270510657.44115261932?extraParams=%7B%22display_model_id%22%3A281261107625%2C%22model_selection_logic%22%3A3%7D","https://down-id.img.susercontent.com/file/sg-11134201-824hz-mdwt4qwuuww40f","adidas Football Copa Pure 3 League Firm/Multi-Ground Boots Kids Unisex Black JR2884","800.000","","","4.9 Penilaian Toko","","https://down-id.img.susercontent.com/file/id-11134258-7r98o-lym7r498wldxcb"
"https://shopee.co.id/adidas-Football-Jude-Bellingham-Tee-Kids-Unisex-Grey-JX3931-i.270510657.43715265194?extraParams=%7B%22display_model_id%22%3A196227005636%2C%22model_selection_logic%22%3A3%7D","https://down-id.img.susercontent.com/file/sg-11134201-824ji-mdwsw5mizi13f7","adidas Football Jude Bellingham Tee Kids Unisex Grey JX3931","380.000","","","5.0","4 terjual","https://down-id.img.susercontent.com/file/id-11134258-7r98o-lym7r498wldxcb"
"https://shopee.co.id/adidas-Football-F50-Club-Indoor-Boots-Kids-Unisex-Purple-JI0042-i.270510657.43315249127?extraParams=%7B%22display_model_id%22%3A281260787948%2C%22model_selection_logic%22%3A3%7D","https://down-id.img.susercontent.com/file/sg-11134201-824hl-mdwrx9kmq1hd75","adidas Football F50 Club Indoor Boots Kids Unisex Purple JI0042","650.000","","","5.0","4 terjual","https://down-id.img.susercontent.com/file/id-11134258-7r98o-lym7r498wldxcb"
"https://shopee.co.id/adidas-Football-Predator-Club-Indoor-Sala-Boots-Kids-Unisex-White-JH8861-i.270510657.28590509502?extraParams=%7B%22display_model_id%22%3A266261180954%2C%22model_selection_logic%22%3A3%7D","https://down-id.img.susercontent.com/file/sg-11134201-824gk-mdwr7fihl8n8b6","adidas Football Predator Club Indoor Sala Boots Kids Unisex White JH8861","650.000","","","4.9 Penilaian Toko","","https://down-id.img.susercontent.com/file/id-11134258-7r98o-lym7r498wldxcb"
"https://shopee.co.id/adidas-Golf-Ultimate365-Adjustable-Shorts-Kids-Men-Grey-IU3506-i.270510657.27868096405?extraParams=%7B%22display_model_id%22%3A233481375282%2C%22model_selection_logic%22%3A3%7D","https://down-id.img.susercontent.com/file/sg-11134201-7ratq-maygy4mmd55d03","adidas Golf Ultimate365 Adjustable Shorts Kids Men Grey IU3506","490.000","-30%","Pilih 2, diskon 15%","5.0","44 terjual","https://down-id.img.susercontent.com/file/id-11134258-7r98o-lym7r498wldxcb"
"https://shopee.co.id/adidas-Football-Predator-League-JB-Fold-Over-Tongue-Firm-Multi-Ground-Boots-Kids-Unisex-Black-JS4271-i.270510657.41009963297?extraParams=%7B%22display_model_id%22%3A300837300441%2C%22model_selection_logic%22%3A3%7D","https://down-id.img.susercontent.com/file/sg-11134201-7rdxi-mckcsstvqy4g77","adidas Football Predator League JB Fold-Over Tongue Firm/Multi-Ground Boots Kids Unisex Black JS4271","980.000","-30%","Pilih 2, diskon 15%","5.0","16 terjual","https://down-id.img.susercontent.com/file/id-11134258-7r98o-lym7r498wldxcb"
"https://shopee.co.id/adidas-Football-Super-Sala-Competition-3-Indoor-Boots-Kids-Unisex-White-JR5402-i.270510657.40365304832?extraParams=%7B%22display_model_id%22%3A276265002637%2C%22model_selection_logic%22%3A3%7D","https://down-id.img.susercontent.com/file/sg-11134201-824ge-mdx48hpszk0346","adidas Football Super Sala Competition 3 Indoor Boots Kids Unisex White JR5402","700.000","","","5.0","3 terjual","https://down-id.img.susercontent.com/file/id-11134258-7r98o-lym7r498wldxcb"
"https://shopee.co.id/adidas-Football-F50-League-Messi-Firm-Multi-Ground-Boots-Kids-Unisex-Turquoise-IH0931-i.270510657.26386680560?extraParams=%7B%22display_model_id%22%3A198521627395%2C%22model_selection_logic%22%3A3%7D","https://down-id.img.susercontent.com/file/id-11134201-7rbk6-maurax86khh42a","adidas Football F50 League Messi Firm/Multi-Ground Boots Kids Unisex Turquoise IH0931","475.000","-50%","Pilih 2, diskon 15%","5.0","39 terjual","https://down-id.img.susercontent.com/file/id-11134258-7r98o-lym7r498wldxcb"
"https://shopee.co.id/adidas-Lifestyle-Marvel-Spider-Man-Tee-Set-Kids-Unisex-White-JM0807-i.270510657.43715244378?extraParams=%7B%22display_model_id%22%3A281260443276%2C%22model_selection_logic%22%3A3%7D","https://down-id.img.susercontent.com/file/sg-11134201-824id-mdwq7rgwpjpifb","adidas Lifestyle Marvel Spider-Man Tee Set Kids Unisex White JM0807","750.000","","4 terjual","5.0","",""
"https://shopee.co.id/adidas-Lifestyle-adidas-Originals-x-Smiley-World-Hoodie-Kids-Unisex-Black-JD0428-i.270510657.24595674744?extraParams=%7B%22display_model_id%22%3A295479481612%2C%22model_selection_logic%22%3A3%7D","https://down-id.img.susercontent.com/file/sg-11134201-7ra26-mbcttcsr5r36d8","adidas Lifestyle adidas Originals x Smiley World Hoodie Kids Unisex Black JD0428","500.000","-50%","Pilih 2, diskon 15%","5.0","7 terjual","https://down-id.img.susercontent.com/file/id-11134258-7r98o-lym7r498wldxcb"
"https://shopee.co.id/adidas-Football-Squadra-25-Shorts-Kids-Unisex-Black-JJ2417-i.270510657.28440513993?extraParams=%7B%22display_model_id%22%3A271260215701%2C%22model_selection_logic%22%3A3%7D","https://down-id.img.susercontent.com/file/sg-11134201-824ji-mdwp8ysng45j21","adidas Football Squadra 25 Shorts Kids Unisex Black JJ2417","300.000","","","5.0","28 terjual","https://down-id.img.susercontent.com/file/id-11134258-7r98o-lym7r498wldxcb"
"https://shopee.co.id/adidas-Lifestyle-Summerflex-Shoes-Kids-Unisex-Pink-IH8733-i.270510657.40851206901?extraParams=%7B%22display_model_id%22%3A224241609426%2C%22model_selection_logic%22%3A3%7D","https://down-id.img.susercontent.com/file/id-11134201-7rbk3-maupq0aqxe97ac","adidas Lifestyle Summerflex Shoes Kids Unisex Pink IH8733","700.000","","","5.0","19 terjual","https://down-id.img.susercontent.com/file/id-11134258-7r98o-lym7r498wldxcb"
"https://shopee.co.id/adidas-Swimming-Lifestyle-Adilette-Estrap-Slides-Kids-Unisex-Black-JR5328-i.270510657.42051197797?extraParams=%7B%22display_model_id%22%3A234241627707%2C%22model_selection_logic%22%3A3%7D","https://down-id.img.susercontent.com/file/sg-11134201-82628-mjewon4q0ydg41","adidas Swimming & Lifestyle Adilette Estrap Slides Kids Unisex Black JR5328","380.000","","","4.9","555 terjual","https://down-id.img.susercontent.com/file/id-11134258-7r98o-lym7r498wldxcb"
"https://shopee.co.id/adidas-Football-Germany-26-Home-Kids-Jersey-Unisex-White-JZ4560-i.270510657.28693785501?extraParams=%7B%22display_model_id%22%3A310277284128%2C%22model_selection_logic%22%3A3%7D","https://down-id.img.susercontent.com/file/id-11134207-822wk-mnzjcz60feo52d","adidas Football Germany 26 Home Kids Jersey Unisex White JZ4560","950.000","","","5.0","2 terjual","https://down-id.img.susercontent.com/file/id-11134258-7r98o-lym7r498wldxcb"
"https://shopee.co.id/adidas-Lifestyle-Essentials-Cargo-Shorts-Kids-Unisex-Beige-JN7994-i.270510657.40701197632?extraParams=%7B%22display_model_id%22%3A280096339348%2C%22model_selection_logic%22%3A3%7D","https://down-id.img.susercontent.com/file/id-11134201-7rbk0-maupqz55xogu8d","adidas Lifestyle Essentials Cargo Shorts Kids Unisex Beige JN7994","300.000","-40%","Pilih 2, diskon 15%","5.0","30 terjual","https://down-id.img.susercontent.com/file/id-11134258-7r98o-lym7r498wldxcb"
"https://shopee.co.id/adidas-Football-F50-League-Indoor-Boots-Kids-Unisex-Purple-JH7750-i.270510657.44415252272?extraParams=%7B%22display_model_id%22%3A261260994059%2C%22model_selection_logic%22%3A3%7D","https://down-id.img.susercontent.com/file/sg-11134201-824hu-mdwqbx2fzs3n83","adidas Football F50 League Indoor Boots Kids Unisex Purple JH7750","855.000","-10%","Pilih 2, diskon 15%","4.9 Penilaian Toko","","https://down-id.img.susercontent.com/file/id-11134258-7r98o-lym7r498wldxcb"
"https://shopee.co.id/adidas-Lifestyle-Z.N.E.-Doubleknit-Shorts-Kids-Unisex-Black-IN6963-i.270510657.24538516075?extraParams=%7B%22display_model_id%22%3A215568418003%2C%22model_selection_logic%22%3A3%7D","https://down-id.img.susercontent.com/file/id-11134201-7rbk9-maurleua3dd723","adidas Lifestyle Z.N.E. Doubleknit Shorts Kids Unisex Black IN6963","455.000","-30%","Pilih 2, diskon 15%","5.0","2 terjual","https://down-id.img.susercontent.com/file/id-11134258-7r98o-lym7r498wldxcb"
"https://shopee.co.id/adidas-Lifestyle-Adifom-Adilette-Slides-Kids-Unisex-Beige-IG8434-i.270510657.44350805050?extraParams=%7B%22display_model_id%22%3A243417798991%2C%22model_selection_logic%22%3A3%7D","https://down-id.img.susercontent.com/file/id-11134201-7rbk8-mauowcvaz9g2ce","adidas Lifestyle Adifom Adilette Slides Kids Unisex Beige IG8434","700.000","","","5.0","40 terjual","https://down-id.img.susercontent.com/file/id-11134258-7r98o-lym7r498wldxcb"
"https://shopee.co.id/adidas-Swimming-Lifestyle-Altaswim-2.0-Sandals-Kids-Unisex-Blue-ID2841-i.270510657.41700784917?extraParams=%7B%22display_model_id%22%3A265063379637%2C%22model_selection_logic%22%3A3%7D","https://down-id.img.susercontent.com/file/id-11134201-7rbk3-maupivlskdcic4","adidas Swimming & Lifestyle Altaswim 2.0 Sandals Kids Unisex Blue ID2841","600.000","","Pilih 2, diskon 15%","4.9","368 terjual","https://down-id.img.susercontent.com/file/id-11134258-7r98o-lym7r498wldxcb"
"https://shopee.co.id/adidas-Football-Predator-Club-Turf-Boots-Kids-Unisex-White-JH8862-i.270510657.44015299222?extraParams=%7B%22display_model_id%22%3A266265398556%2C%22model_selection_logic%22%3A3%7D","https://down-id.img.susercontent.com/file/sg-11134201-824jh-mdx3ycwvm4na2b","adidas Football Predator Club Turf Boots Kids Unisex White JH8862","650.000","","","4.9 Penilaian Toko","","https://down-id.img.susercontent.com/file/id-11134258-7r98o-lym7r498wldxcb"
"https://shopee.co.id/adidas-Football-F50-League-Turf-Boots-Kids-Unisex-White-JI0002-i.270510657.28590515273?extraParams=%7B%22display_model_id%22%3A261261307103%2C%22model_selection_logic%22%3A3%7D","https://down-id.img.susercontent.com/file/sg-11134201-824h7-mdwrw58ozthg6d","adidas Football F50 League Turf Boots Kids Unisex White JI0002","665.000","-30%","Pilih 2, diskon 15%","4.9 Penilaian Toko","","https://down-id.img.susercontent.com/file/id-11134258-7r98o-lym7r498wldxcb"
"https://shopee.co.id/adidas-Football-Copa-Court-League-Indoor-Boots-Kids-Unisex-Black-JR2889-i.270510657.41115316122?extraParams=%7B%22display_model_id%22%3A286265319541%2C%22model_selection_logic%22%3A3%7D","https://down-id.img.susercontent.com/file/sg-11134201-824iw-mdx5kmtuzev469","adidas Football Copa Court League Indoor Boots Kids Unisex Black JR2889","800.000","","","5.0","1 terjual","https://down-id.img.susercontent.com/file/id-11134258-7r98o-lym7r498wldxcb"
"https://shopee.co.id/adidas-Swimming-Lifestyle-Altaswim-2.0-Sandals-Kids-Unisex-Pink-ID2838-i.270510657.41700790454?extraParams=%7B%22display_model_id%22%3A248417806901%2C%22model_selection_logic%22%3A3%7D","https://down-id.img.susercontent.com/file/id-11134201-7rbk0-maupitut4l0r39","adidas Swimming & Lifestyle Altaswim 2.0 Sandals Kids Unisex Pink ID2838","420.000","-30%","Pilih 2, diskon 15%","4.9","230 terjual","https://down-id.img.susercontent.com/file/id-11134258-7r98o-lym7r498wldxcb"
"https://shopee.co.id/adidas-Football-F50-League-Turf-Boots-Kids-Unisex-Orange-JI0001-i.270510657.41367413072?extraParams=%7B%22display_model_id%22%3A258856039550%2C%22model_selection_logic%22%3A3%7D","https://down-id.img.susercontent.com/file/sg-11134201-824i8-me84euj6vuv844","adidas Football F50 League Turf Boots Kids Unisex Orange JI0001","665.000","-30%","Pilih 2, diskon 15%","5.0","3 terjual","https://down-id.img.susercontent.com/file/id-11134258-7r98o-lym7r498wldxcb"
"https://shopee.co.id/adidas-Football-F50-League-Firm-Multi-Ground-Boots-Kids-Unisex-Black-JH7744-i.270510657.41415253638?extraParams=%7B%22display_model_id%22%3A266261307629%2C%22model_selection_logic%22%3A3%7D","https://down-id.img.susercontent.com/file/sg-11134201-824g5-mdwrwmpwsrupd6","adidas Football F50 League Firm/Multi-Ground Boots Kids Unisex Black JH7744","855.000","-10%","Pilih 2, diskon 15%","4.9 Penilaian Toko","","https://down-id.img.susercontent.com/file/id-11134258-7r98o-lym7r498wldxcb"
"https://shopee.co.id/adidas-Football-F50-Messi-League-Firm-Multi-Ground-Boots-Kids-Unisex-Blue-JP7455-i.270510657.43115255074?extraParams=%7B%22display_model_id%22%3A198665785758%2C%22model_selection_logic%22%3A3%7D","https://down-id.img.susercontent.com/file/sg-11134201-824h7-mdwr0l1bbgn812","adidas Football F50 Messi League Firm/Multi-Ground Boots Kids Unisex Blue JP7455","665.000","-30%","Pilih 2, diskon 15%","5.0","46 terjual","https://down-id.img.susercontent.com/file/id-11134258-7r98o-lym7r498wldxcb"
"https://shopee.co.id/adidas-Lifestyle-Oversized-Tee-Kids-Unisex-Pink-JC9079-i.270510657.41651183263?extraParams=%7B%22display_model_id%22%3A178933184065%2C%22model_selection_logic%22%3A3%7D","https://down-id.img.susercontent.com/file/sg-11134201-8259s-mgftqtdda39o66","adidas Lifestyle Oversized Tee Kids Unisex Pink JC9079","350.000","-30%","Pilih 2, diskon 15%","5.0","31 terjual","https://down-id.img.susercontent.com/file/id-11134258-7r98o-lym7r498wldxcb"