"link","image","nama","harga","inline-block","truncate","h-4","truncate 2"
"https://shopee.co.id/adidas-Gym-Training-AEROREADY-Designed-to-Move-Feelready-Sport-Tee-Men-Black-GT5545-i.270510657.29168098202?extraParams=%7B%22display_model_id%22%3A237041995379%2C%22model_selection_logic%22%3A3%7D","https://down-id.img.susercontent.com/file/id-11134201-7rbke-mauq5l5k7y4yf5","adidas Gym & Training AEROREADY Designed to Move Feelready Sport Tee Men Black GT5545","450.000","4.7","93 terjual","",""
"https://shopee.co.id/adidas-Gym-Training-Train-Essentials-3-Stripes-Woven-Pants-Women-Black-JI8313-i.270510657.43503162868?extraParams=%7B%22display_model_id%22%3A275261594610%2C%22model_selection_logic%22%3A3%7D","https://down-id.img.susercontent.com/file/id-11134201-7rbk8-maup2yjh6cac8a","adidas Gym & Training Train Essentials 3-Stripes Woven Pants Women Black JI8313","850.000","4.9","56 terjual","",""
"https://shopee.co.id/adidas-Gym-Training-Dropset-Base-Training-Shoes-Men-White-JS3162-i.270510657.41115313116?extraParams=%7B%22display_model_id%22%3A301265118639%2C%22model_selection_logic%22%3A3%7D","https://down-id.img.susercontent.com/file/sg-11134201-824h3-mdx4rtq8rqps92","adidas Gym & Training Dropset Base Training Shoes Men White JS3162","900.000","5.0","Pilih 2, diskon 15%","-10%","27 terjual"
"https://shopee.co.id/adidas-Gym-Training-Dropset-Control-Training-Shoes-Women-Orange-JQ1446-i.270510657.43324419486?extraParams=%7B%22display_model_id%22%3A266981835832%2C%22model_selection_logic%22%3A3%7D","https://down-id.img.susercontent.com/file/sg-11134201-82589-mgec1pr605xlaf","adidas Gym & Training Dropset Control Training Shoes Women Orange JQ1446","910.000","5.0","Pilih 2, diskon 15%","-35%","7 terjual"
"https://shopee.co.id/adidas-Gym-Training-Dropset-Base-Training-Shoes-Women-White-JS3166-i.270510657.43515262484?extraParams=%7B%22display_model_id%22%3A177282749268%2C%22model_selection_logic%22%3A3%7D","https://down-id.img.susercontent.com/file/sg-11134201-822xb-mhwm3emle70oc9","adidas Gym & Training Dropset Base Training Shoes Women White JS3166","1.000.000","4.9","62 terjual","",""
"https://shopee.co.id/adidas-Gym-Training-Designed-4-Training-Full-Zip-Hooded-Sweatshirt-Women-Black-JP2654-i.270510657.41053047575?extraParams=%7B%22display_model_id%22%3A275251094383%2C%22model_selection_logic%22%3A3%7D","https://down-id.img.susercontent.com/file/id-11134201-7rbka-maupoaqd0tq032","adidas Gym & Training Designed 4 Training Full-Zip Hooded Sweatshirt Women Black JP2654","1.200.000","4.9","19 terjual","",""
"https://shopee.co.id/adidas-Gym-Training-Lifestyle-Sport-Backpack-Women-Black-JE3224-i.270510657.44301182955?extraParams=%7B%22display_model_id%22%3A159185525339%2C%22model_selection_logic%22%3A3%7D","https://down-id.img.susercontent.com/file/sg-11134201-7rdvt-mcmeb2by81ucd5","adidas Gym & Training & Lifestyle Sport Backpack Women Black JE3224","585.000","5.0","Pilih 2, diskon 15%","-10%","568 terjual"
"https://shopee.co.id/adidas-Gym-Training-Designed-for-Training-Tee-Women-Black-IQ2654-i.270510657.25895216533?extraParams=%7B%22display_model_id%22%3A290072928398%2C%22model_selection_logic%22%3A3%7D","https://down-id.img.susercontent.com/file/sg-11134201-7rdxx-mdjjttosp9uh29","adidas Gym & Training Designed for Training Tee Women Black IQ2654","377.000","5.0","Pilih 2, diskon 15%","-35%","53 terjual"
"https://shopee.co.id/adidas-Gym-Training-Train-Essentials-Big-Performance-Logo-Training-Tee-Women-Pink-IT0547-i.270510657.41900790523?extraParams=%7B%22display_model_id%22%3A260063477040%2C%22model_selection_logic%22%3A3%7D","https://down-id.img.susercontent.com/file/sg-11134201-822xo-miaulxs1mn7kb1","adidas Gym & Training Train Essentials Big Performance Logo Training Tee Women Pink IT0547","265.000","5.0","Pilih 2, diskon 15%","-50%","230 terjual"
"https://shopee.co.id/adidas-Gym-Training-Dropset-Base-Training-Shoes-Women-Black-JS3165-i.270510657.27490520191?extraParams=%7B%22display_model_id%22%3A248800533126%2C%22model_selection_logic%22%3A3%7D","https://down-id.img.susercontent.com/file/sg-11134201-824hz-mdwtlvctxjwke0","adidas Gym & Training Dropset Base Training Shoes Women Black JS3165","900.000","5.0","Pilih 2, diskon 15%","-10%","11 terjual"
"https://shopee.co.id/adidas-Gym-Training-Dropset-Base-Training-Shoes-Men-Black-JS3045-i.270510657.40715320416?extraParams=%7B%22display_model_id%22%3A296265096782%2C%22model_selection_logic%22%3A3%7D","https://down-id.img.susercontent.com/file/sg-11134201-824g5-mdx4n480npc215","adidas Gym & Training Dropset Base Training Shoes Men Black JS3045","900.000","5.0","Pilih 2, diskon 15%","-10%","14 terjual"
"https://shopee.co.id/adidas-Gym-Training-Dropset-Control-Training-Shoes-Men-Black-JS3036-i.270510657.43974220891?extraParams=%7B%22display_model_id%22%3A286965616666%2C%22model_selection_logic%22%3A3%7D","https://down-id.img.susercontent.com/file/sg-11134201-82593-mfulqt4usgek1f","adidas Gym & Training Dropset Control Training Shoes Men Black JS3036","1.260.000","4.9","Pilih 2, diskon 15%","-10%","22 terjual"
"https://shopee.co.id/adidas-Football-Tiro-25-Competition-Training-Jersey-Men-Black-JW4360-i.270510657.41665263817?extraParams=%7B%22display_model_id%22%3A306261629843%2C%22model_selection_logic%22%3A3%7D","https://down-id.img.susercontent.com/file/sg-11134201-824il-mdwutdy6znk272","adidas Football Tiro 25 Competition Training Jersey Men Black JW4360","550.000","4.9","41 terjual","",""
"https://shopee.co.id/adidas-Gym-Training-Designed-for-Training-Workout-Tee-Men-Green-JX3285-i.270510657.43615239690?extraParams=%7B%22display_model_id%22%3A167282687778%2C%22model_selection_logic%22%3A3%7D","https://down-id.img.susercontent.com/file/sg-11134201-824gi-mdwqce2spm2u01","adidas Gym & Training Designed for Training Workout Tee Men Green JX3285","348.000","5.0","Pilih 2, diskon 15%","-40%","34 terjual"
"https://shopee.co.id/adidas-Gym-Training-Dropset-Control-Training-Shoes-Men-Grey-JQ1444-i.270510657.53803251111?extraParams=%7B%22display_model_id%22%3A350312437507%2C%22model_selection_logic%22%3A3%7D","https://down-id.img.susercontent.com/file/sg-11134201-81zwk-midp49y5j0ub75","adidas Gym & Training Dropset Control Training Shoes Men Grey JQ1444","910.000","5.0","Pilih 2, diskon 15%","-35%","39 terjual"
"https://shopee.co.id/adidas-Football-Tiro-25-Competition-Training-Shorts-Men-Black-JW4361-i.270510657.40265258432?extraParams=%7B%22display_model_id%22%3A286261500362%2C%22model_selection_logic%22%3A3%7D","https://down-id.img.susercontent.com/file/sg-11134201-824gd-mdwudk7nn8xx30","adidas Football Tiro 25 Competition Training Shorts Men Black JW4361","550.000","5.0","19 terjual","",""
"https://shopee.co.id/adidas-Gym-Training-Rapidmove-Go-Training-Shoes-Women-Black-JQ3953-i.270510657.54300172636?extraParams=%7B%22display_model_id%22%3A365016790632%2C%22model_selection_logic%22%3A3%7D","https://down-id.img.susercontent.com/file/sg-11134201-81zvn-mig5rnzlse8074","adidas Gym & Training Rapidmove Go Training Shoes Women Black JQ3953","1.100.000","4.9 Penilaian Toko","","",""
"https://shopee.co.id/adidas-Gym-Training-Optime-Rib-7-8-Leggings-Women-Green-JD4693-i.270510657.42051206901?extraParams=%7B%22display_model_id%22%3A280096241599%2C%22model_selection_logic%22%3A3%7D","https://down-id.img.susercontent.com/file/id-11134201-7rbka-maupffle1jh5d7","adidas Gym & Training Optime Rib 7/8 Leggings Women Green JD4693","475.000","4.9","Pilih 2, diskon 15%","-50%","49 terjual"
"https://shopee.co.id/adidas-Gym-Training-Dropset-Base-Training-Shoes-Men-Grey-JQ1449-i.270510657.49403809927?extraParams=%7B%22display_model_id%22%3A400361032042%2C%22model_selection_logic%22%3A3%7D","https://down-id.img.susercontent.com/file/sg-11134201-81zun-miqkk9jw08owd6","adidas Gym & Training Dropset Base Training Shoes Men Grey JQ1449","650.000","5.0","Pilih 2, diskon 15%","-35%","6 terjual"
"https://shopee.co.id/adidas-Gym-Training-AEROREADY-Designed-for-Movement-Tee-Men-Black-HF7214-i.270510657.24288521692?extraParams=%7B%22display_model_id%22%3A148892510462%2C%22model_selection_logic%22%3A3%7D","https://down-id.img.susercontent.com/file/id-11134201-7rbk3-maurmhgdgxjtea","adidas Gym & Training AEROREADY Designed for Movement Tee Men Black HF7214","325.000","4.9","Pilih 2, diskon 15%","-35%","120 terjual"
"https://shopee.co.id/adidas-Gym-Training-Everyset-Training-Shoes-Women-Black-IF3199-i.270510657.43917368441?extraParams=%7B%22display_model_id%22%3A296432151337%2C%22model_selection_logic%22%3A3%7D","https://down-id.img.susercontent.com/file/sg-11134201-824ji-me7tf44fib5x09","adidas Gym & Training Everyset Training Shoes Women Black IF3199","910.000","4.9","Pilih 2, diskon 15%","-35%","59 terjual"
"https://shopee.co.id/adidas-Gym-Training-RAPIDMOVE-GO-TRAINER-M-Men-Black-JQ3950-i.270510657.49303809863?extraParams=%7B%22display_model_id%22%3A335361032449%2C%22model_selection_logic%22%3A3%7D","https://down-id.img.susercontent.com/file/sg-11134201-81zve-miqkjx78f18ib5","adidas Gym & Training RAPIDMOVE GO TRAINER M Men Black JQ3950","1.100.000","5.0","7 terjual","",""
"https://shopee.co.id/adidas-Gym-Training-All-Me-Essentials-Full-Length-Leggings-Women-Black-JW7661-i.270510657.28190515904?extraParams=%7B%22display_model_id%22%3A286261481312%2C%22model_selection_logic%22%3A3%7D","https://down-id.img.susercontent.com/file/sg-11134201-824g3-mdwuc3626m8058","adidas Gym & Training All Me Essentials Full-Length Leggings Women Black JW7661","650.000","5.0","18 terjual","",""
"https://shopee.co.id/adidas-Gym-Training-PrimeLift-Workout-Oversize-Tee-Men-White-JV9683-i.270510657.43415252487?extraParams=%7B%22display_model_id%22%3A147924476942%2C%22model_selection_logic%22%3A3%7D","https://down-id.img.susercontent.com/file/sg-11134201-824gg-mdwqka2l43k119","adidas Gym & Training PrimeLift Workout Oversize Tee Men White JV9683","700.000","5.0","4 terjual","",""
"https://shopee.co.id/adidas-Gym-Training-PrimeLift-Loose-Fit-Back-Ventilation-Hoodie-Women-Black-IV9219-i.270510657.24245417293?extraParams=%7B%22display_model_id%22%3A248478203137%2C%22model_selection_logic%22%3A3%7D","https://down-id.img.susercontent.com/file/id-11134201-7rbk9-maurmj54zyd025","adidas Gym & Training PrimeLift Loose Fit Back-Ventilation Hoodie Women Black IV9219","617.500","5.0","Pilih 2, diskon 15%","-35%","107 terjual"
"https://shopee.co.id/adidas-Gym-Training-Optim%C3%A9-Essentials-No-Front-Rise-Seam-7-8-Leggings-Women-Black-JY4815-i.270510657.42265259900?extraParams=%7B%22display_model_id%22%3A276261991799%2C%22model_selection_logic%22%3A3%7D","https://down-id.img.susercontent.com/file/sg-11134201-824hr-mdwvsvbikn41a6","adidas Gym & Training Optimé Essentials No Front Rise Seam 7/8 Leggings Women Black JY4815","800.000","3.8","17 terjual","",""
"https://shopee.co.id/adidas-Gym-Training-Everyset-Training-Shoes-Unisex-Black-ID4989-i.270510657.26668095066?extraParams=%7B%22display_model_id%22%3A227041428439%2C%22model_selection_logic%22%3A3%7D","https://down-id.img.susercontent.com/file/id-11134201-7rbkc-maur7tofszasef","adidas Gym & Training Everyset Training Shoes Unisex Black ID4989","910.000","4.9","Pilih 2, diskon 15%","-35%","247 terjual"
"https://shopee.co.id/adidas-Gym-Training-Dropset-3-Training-Shoes-Women-White-ID8633-i.270510657.27368090812?extraParams=%7B%22display_model_id%22%3A242062803140%2C%22model_selection_logic%22%3A3%7D","https://down-id.img.susercontent.com/file/id-11134201-7rbk6-maur05y5aymxd4","adidas Gym & Training Dropset 3 Training Shoes Women White ID8633","1.980.000","4.7","Pilih 2, diskon 15%","-10%","71 terjual"
"https://shopee.co.id/adidas-Gym-Training-TRAINING-SHORTS-Men-Black-HK9549-i.270510657.28868086430?extraParams=%7B%22display_model_id%22%3A207989307208%2C%22model_selection_logic%22%3A3%7D","https://down-id.img.susercontent.com/file/id-11134201-7rbk9-mauqjrnz3z1a23","adidas Gym & Training TRAINING SHORTS Men Black HK9549","318.000","4.9","Pilih 2, diskon 15%","-40%","32 terjual"